fact_maintenance_id,sk_date,sk_vehicle,maintenance_cost_amount,immobilization_hours,breakdown_flag
1,823,5,692.19,6.41,0
2,722,1,880.45,8.12,0
3,984,7,1352.76,2.94,0
4,688,1,1292.49,4.61,0
5,109,3,873.82,8.37,0
6,1519,10,926.23,1.64,0
7,2007,9,830.35,10.02,0
8,1686,10,1397.22,6.73,0
9,25,1,1580.84,5.21,0
10,1232,8,965.27,6.72,0
11,269,1,1644.73,3.3,0
12,1191,5,908.66,2.18,0
13,1779,10,926.64,7.14,0
14,1727,10,1126.17,4.02,0
15,311,3,872.47,4.83,0
16,689,2,3362.2,49.56,1
17,66,1,1698.58,4.57,0
18,1891,10,932.39,5.85,0
19,317,2,946.1,3.01,0
20,2084,10,4268.52,66.75,1
21,770,6,1018.66,2.73,0
22,1125,6,903.7,3.66,0
23,106,2,1182.7,2.84,0
24,1603,11,997.66,4.67,0
25,242,2,821.15,7.31,0
26,1565,9,5190.42,37.61,1
27,2141,9,7280.46,37.95,1
28,484,2,1207.16,2.5,0
29,1605,9,630.42,6.32,0
30,891,6,1395.91,6.12,0
31,1468,9,557.02,4.25,0
32,1720,10,1238.45,10.36,0
33,1614,10,811.7,10.57,0
34,1453,5,509.29,9.05,0
35,1629,9,883.86,3.88,0
36,386,2,996.97,7.18,0
37,1351,6,1432.06,6.28,0
38,611,4,1238.89,5.91,0
39,1578,10,1129.8,6.22,0
40,30,1,1249.15,4.78,0
41,605,1,1402.38,3.36,0
42,1183,5,795.77,9.11,0
43,298,3,902.73,5.13,0
44,1342,6,1007.74,4.35,0
45,489,2,1221.6,2.94,0
46,695,1,1570.07,2.66,0
47,316,2,739.95,5.69,0
48,1125,6,1447.73,4.04,0
49,379,1,1151.35,3.51,0
50,708,2,1614.7,4.27,0
51,1579,9,1244.05,7.16,0
52,1966,10,1050.23,6.16,0
53,1822,10,1394.95,9.53,0
54,1377,6,1487.59,5.39,0
55,1895,10,3826.68,56.23,1
56,122,1,1047.23,7.04,0
57,594,2,880.35,1.82,0
58,1735,9,699.95,7.02,0
59,162,1,1051.72,3.47,0
60,801,6,1402.53,6.52,0
61,805,6,6555.03,37.77,1
62,1971,10,3866.47,25.24,1
63,437,2,1112.86,3.01,0
64,791,6,857.84,2.87,0
65,793,6,6636.19,66.37,1
66,1482,9,3302.32,81.72,1
67,768,6,1423.36,4.02,0
68,676,1,903.35,7.56,0
69,496,3,399.42,2.5,0
70,2159,10,874.18,4.43,0
71,1794,9,765.63,1.92,0
72,947,5,407.03,9.59,0
73,77,1,1009.02,2.41,0
74,2075,9,6227.97,37.52,1
75,788,5,857.82,4.72,0
76,1848,10,5326.61,54.84,1
77,534,1,1057.49,5.26,0
78,276,4,1248.17,9.3,0
79,1685,9,1038.77,8.04,0
80,1321,6,757.87,4.33,0
81,507,2,1173.08,4.32,0
82,1962,12,1155.83,8.13,0
83,1193,5,434.09,4.05,0
84,275,3,608.59,2.75,0
85,1546,9,939.32,3.83,0
86,1267,6,1195.97,10.08,0
87,1868,9,874.01,8.23,0
88,1757,9,1282.56,9.12,0
89,2074,9,558.76,10.04,0
90,917,6,1046.53,5.71,0
91,736,7,1783.77,5.84,0
92,2168,10,1036.33,3.14,0
93,1288,5,839.52,9.08,0
94,1669,9,1187.62,3.39,0
95,1080,7,934.46,6.47,0
96,754,7,853.26,3.38,0
97,618,2,795.0,4.21,0
98,2137,9,1109.21,5.53,0
99,1814,11,1128.28,10.04,0
100,41,2,1117.77,7.77,0
101,2084,9,1010.29,2.99,0
102,1954,11,1126.44,3.65,0
103,2146,9,914.92,3.52,0
104,624,1,1018.33,11.21,0
105,1292,7,1037.79,2.22,0
106,978,6,917.77,2.6,0
107,330,1,970.07,4.36,0
108,486,1,1546.58,9.5,0
109,858,7,1038.36,8.19,0
110,197,3,788.38,4.17,0
111,1324,6,981.71,4.34,0
112,344,1,1598.9,4.71,0
113,1216,6,1141.54,3.27,0
114,1153,7,1143.12,10.07,0
115,1938,9,1069.76,4.03,0
116,133,3,752.46,4.11,0
117,788,5,825.68,1.87,0
118,543,2,6522.36,88.6,1
119,1025,6,961.04,7.83,0
120,1781,9,562.28,6.43,0
121,1975,9,944.51,10.78,0
122,147,1,1765.97,6.78,0
123,157,3,1270.97,5.7,0
124,1039,7,7227.2,56.21,1
125,697,1,754.12,1.32,0
126,465,1,8898.02,37.32,1
127,1727,9,769.08,7.56,0
128,1856,11,929.71,9.58,0
129,611,3,610.55,7.31,0
130,284,2,863.15,3.29,0
131,998,7,1548.78,7.61,0
132,61,1,1330.56,2.31,0
133,1789,9,1250.21,7.73,0
134,1991,11,4447.49,37.06,1
135,1655,11,1049.56,5.01,0
136,1603,9,1054.68,6.58,0
137,1030,6,1316.76,5.43,0
138,429,2,906.35,5.99,0
139,1045,5,712.9,5.95,0
140,2119,10,8392.2,70.02,1
141,1929,12,1021.77,6.26,0
142,704,1,7803.0,18.9,1
143,475,2,663.86,3.84,0
144,1646,9,1184.35,7.82,0
145,1854,9,995.76,6.96,0
146,1182,7,7934.88,48.55,1
147,51,1,872.5,3.15,0
148,2150,10,1150.21,3.2,0
149,757,7,935.57,2.92,0
150,650,2,1082.75,6.97,0
151,759,6,734.58,3.37,0
152,2083,10,1439.72,10.21,0
153,635,2,766.55,3.85,0
154,379,2,5733.48,67.86,1
155,840,6,906.57,4.73,0
156,375,3,779.81,2.08,0
157,510,1,1332.54,3.86,0
158,1348,6,1291.71,10.65,0
159,1257,5,4097.17,44.69,1
160,933,7,872.46,2.58,0
161,1285,5,590.59,8.22,0
162,317,1,1427.38,6.36,0
163,1976,10,1224.8,2.29,0
164,1409,6,2723.73,50.22,1
165,472,1,1055.48,4.68,0
166,693,2,982.56,6.57,0
167,642,4,977.72,1.54,0
168,1388,5,748.15,6.38,0
169,644,1,1297.26,3.49,0
170,345,2,1096.29,5.86,0
171,429,3,768.06,2.88,0
172,1059,6,1654.36,8.38,0
173,824,5,966.18,6.29,0
174,911,5,738.43,5.91,0
175,1217,6,744.05,9.39,0
176,1951,9,799.65,4.3,0
177,641,3,1016.63,4.52,0
178,2111,12,1509.81,9.72,0
179,677,1,801.59,6.25,0
180,1962,10,1038.34,3.15,0
181,371,2,772.33,5.94,0
182,763,6,953.88,2.44,0
183,1263,6,1318.66,6.12,0
184,265,1,1238.47,10.17,0
185,302,1,1257.49,10.07,0
186,1272,5,398.5,8.97,0
187,1609,11,3895.21,44.74,1
188,818,7,1094.67,4.75,0
189,1156,7,1389.17,5.28,0
190,1378,5,1288.51,4.77,0
191,2036,10,1137.88,8.58,0
192,784,5,6508.71,41.82,1
193,1453,5,495.11,4.5,0
194,912,5,4228.66,67.84,1
195,847,6,1139.11,3.91,0
196,72,2,1146.77,4.64,0
197,1866,9,4358.65,28.17,1
198,365,2,1375.81,2.87,0
199,126,1,1759.91,5.48,0
200,619,1,910.22,7.81,0
201,1216,7,955.47,4.56,0
202,1078,7,6518.03,42.19,1
203,63,1,1303.56,3.97,0
204,470,2,1137.67,3.54,0
205,679,1,1175.73,2.44,0
206,1468,9,636.33,8.6,0
207,1073,6,999.28,6.95,0
208,1537,9,872.78,5.42,0
209,2127,9,7366.75,21.68,1
210,678,2,5284.12,45.34,1
211,621,1,1686.96,5.74,0
212,1166,6,855.62,7.29,0
213,2180,9,1524.73,7.45,0
214,545,1,1475.0,4.55,0
215,416,2,954.86,4.06,0
216,204,3,523.94,6.25,0
217,365,1,1494.12,11.11,0
218,1191,6,1601.12,2.5,0
219,1411,5,989.7,2.11,0
220,880,8,1346.93,5.74,0
221,987,7,1196.6,2.93,0
222,1487,11,1439.25,6.7,0
223,1053,5,997.11,4.35,0
224,1066,7,975.9,5.26,0
225,430,2,1362.96,7.47,0
226,143,3,564.51,8.96,0
227,1731,9,919.71,6.29,0
228,172,2,1237.24,3.44,0
229,435,3,619.39,7.64,0
230,1085,6,1137.78,11.48,0
231,878,5,1259.27,6.74,0
232,874,6,621.6,3.67,0
233,993,6,678.85,5.2,0
234,1176,5,945.81,3.03,0
235,1248,5,528.14,6.14,0
236,63,1,952.44,4.83,0
237,170,1,1275.0,3.2,0
238,195,1,872.28,2.72,0
239,899,6,1156.92,9.65,0
240,1632,11,1150.55,6.69,0
241,2137,11,1215.03,5.99,0
242,1364,6,3445.07,54.58,1
243,735,8,1141.11,8.28,0
244,7,2,724.77,7.28,0
245,860,5,1273.58,2.62,0
246,1430,5,486.47,4.8,0
247,1467,10,743.7,5.12,0
248,811,6,757.31,9.66,0
249,866,6,1082.67,5.62,0
250,1028,6,1088.18,9.73,0
251,573,2,1110.5,6.12,0
252,1047,7,1609.73,2.95,0
253,308,2,3853.87,41.06,1
254,84,2,3526.87,61.8,1
255,888,5,1082.14,2.28,0
256,826,6,6675.41,64.63,1
257,551,1,1591.03,8.09,0
258,1324,6,1452.36,4.92,0
259,1296,5,2681.14,33.0,1
260,1643,12,1211.62,4.53,0
261,1648,10,5226.65,26.44,1
262,967,5,710.85,8.2,0
263,240,3,382.52,7.72,0
264,899,6,687.45,5.32,0
265,1685,9,1308.64,4.91,0
266,329,1,1165.48,8.02,0
267,678,1,1116.0,4.65,0
268,1251,8,1126.6,5.76,0
269,2136,10,894.81,4.86,0
270,207,2,1018.35,10.45,0
271,191,2,1034.03,9.67,0
272,2090,10,3711.62,31.53,1
273,6,3,6316.66,87.53,1
274,548,1,969.47,5.61,0
275,323,2,699.19,7.75,0
276,29,1,1058.45,6.14,0
277,219,2,1061.93,6.29,0
278,1485,10,1600.65,5.71,0
279,674,1,1169.59,3.05,0
280,1290,5,1194.24,4.47,0
281,685,1,1836.95,6.58,0
282,885,6,1355.72,1.84,0
283,210,3,782.79,6.46,0
284,1476,9,1114.25,5.82,0
285,835,5,678.13,9.43,0
286,729,2,1141.26,2.9,0
287,627,2,3355.94,62.86,1
288,1757,10,1143.11,3.29,0
289,326,2,805.1,8.74,0
290,1975,11,1215.01,4.59,0
291,738,6,903.93,8.03,0
292,1329,5,953.3,3.09,0
293,1236,5,636.55,11.07,0
294,353,3,545.86,6.37,0
295,892,8,838.85,10.39,0
296,777,7,7751.18,78.14,1
297,1786,9,855.69,8.19,0
298,355,1,5271.04,43.85,1
299,64,3,945.25,1.66,0
300,592,1,1227.67,1.68,0
301,1461,6,668.98,9.6,0
302,650,3,604.33,5.04,0
303,1654,9,893.95,4.38,0
304,1764,10,856.69,4.93,0
305,1172,5,502.68,4.42,0
306,121,2,4174.61,34.92,1
307,1716,10,955.52,8.48,0
308,453,1,877.51,5.85,0
309,2051,10,1390.13,4.75,0
310,646,4,990.63,5.55,0
311,2004,10,782.52,7.81,0
312,1341,7,1323.22,8.66,0
313,1887,9,684.0,2.77,0
314,760,5,468.93,2.62,0
315,841,7,1070.47,4.99,0
316,1025,5,529.0,6.5,0
317,12,2,3674.31,35.38,1
318,320,2,1046.45,5.51,0
319,2015,10,1045.65,6.46,0
320,678,2,3730.49,77.08,1
321,1332,7,1297.34,3.96,0
322,1186,5,6115.97,29.53,1
323,437,1,1305.05,5.51,0
324,1055,5,613.67,3.69,0
325,1006,5,1023.08,5.1,0
326,2075,11,1444.05,6.5,0
327,431,1,1086.38,8.11,0
328,1560,11,1087.46,4.85,0
329,805,7,1119.63,4.02,0
330,1605,11,934.92,2.17,0
331,1106,5,5748.74,65.7,1
332,1130,5,1104.11,5.15,0
333,1413,7,1269.28,7.46,0
334,1132,6,5020.92,39.9,1
335,998,5,3803.34,59.85,1
336,1099,6,1378.16,6.12,0
337,1105,5,914.47,4.81,0
338,1969,10,5134.16,48.36,1
339,1559,9,1040.82,5.35,0
340,13,4,5850.5,29.64,1
341,1887,9,1114.69,6.3,0
342,780,5,4692.11,31.35,1
343,238,2,3541.43,55.05,1
344,2166,12,3878.31,43.2,1
345,1950,10,672.2,3.27,0
346,1451,6,7453.89,74.39,1
347,1816,10,1159.54,5.89,0
348,690,2,1005.19,2.16,0
349,1379,7,8573.66,41.6,1
350,216,1,1372.13,6.52,0
351,433,1,1037.02,9.91,0
352,1146,6,601.12,6.9,0
353,1816,11,1177.78,3.87,0
354,1593,12,1207.65,3.42,0
355,1693,11,5030.37,32.81,1
356,1326,6,652.91,3.81,0
357,2034,9,1268.62,3.78,0
358,1454,6,606.67,6.01,0
359,42,3,405.45,5.91,0
360,1905,9,5360.31,31.03,1
361,592,2,1266.18,4.49,0
362,1248,5,1118.5,5.83,0
363,1967,10,845.09,10.03,0
364,61,3,897.68,3.94,0
365,1901,10,853.14,4.09,0
366,330,2,1131.55,3.88,0
367,503,1,4042.16,59.14,1
368,616,1,1279.57,6.65,0
369,1285,5,653.9,1.89,0
370,973,5,1070.21,2.96,0
371,1071,6,811.83,4.33,0
372,580,1,1113.73,3.78,0
373,652,4,791.72,6.95,0
374,517,2,1013.77,4.55,0
375,746,6,1045.39,5.41,0
376,1600,9,941.35,3.74,0
377,1747,10,1606.88,2.56,0
378,1346,6,836.84,6.36,0
379,324,4,1149.42,3.83,0
380,1385,5,739.71,6.38,0
381,1263,8,975.04,6.17,0
382,888,5,552.06,3.18,0
383,682,3,599.63,7.35,0
384,217,1,4753.01,34.59,1
385,267,2,635.22,7.64,0
386,1007,5,1029.94,2.55,0
387,108,2,994.08,1.58,0
388,134,2,3497.78,53.04,1
389,132,3,626.28,3.36,0
390,1745,9,1101.29,2.41,0
391,1783,10,1591.83,8.09,0
392,1326,5,767.87,4.06,0
393,1585,11,763.59,9.63,0
394,2029,9,1057.64,8.77,0
395,879,7,980.32,5.33,0
396,2109,9,1195.19,4.14,0
397,281,2,1108.05,5.24,0
398,287,1,1344.77,6.11,0
399,1822,10,3912.19,37.49,1
400,198,1,1103.26,6.81,0
401,356,2,7565.47,37.66,1
402,1048,5,666.37,4.33,0
403,1784,9,682.58,5.81,0
404,337,2,1153.09,4.34,0
405,1685,12,1309.63,2.63,0
406,317,3,1140.52,3.91,0
407,108,3,868.77,7.68,0
408,314,2,658.52,9.01,0
409,1168,5,1002.5,3.41,0
410,364,1,1741.86,4.02,0
411,1296,6,3278.0,45.36,1
412,698,2,5358.02,22.07,1
413,28,2,1431.93,2.97,0
414,1145,6,3959.43,33.33,1
415,1955,9,1538.17,8.58,0
416,645,1,934.63,9.01,0
417,432,2,1330.6,5.82,0
418,1956,10,804.77,7.22,0
419,1373,5,1137.49,6.16,0
420,1527,12,1354.65,8.99,0
421,608,3,949.5,7.11,0
422,2070,11,955.67,3.61,0
423,1263,5,1041.55,5.74,0
424,1843,9,3006.64,40.8,1
425,1131,8,711.03,6.12,0
426,705,1,3577.4,32.94,1
427,1341,7,898.25,9.1,0
428,1343,5,671.08,6.06,0
429,344,2,5726.4,58.91,1
430,1121,6,1052.54,9.78,0
431,1463,12,4756.34,44.75,1
432,1011,5,684.37,3.56,0
433,1227,5,950.68,4.41,0
434,531,1,1102.71,4.52,0
435,2152,11,983.24,3.94,0
436,2005,9,1076.5,9.67,0
437,1205,7,1575.76,8.63,0
438,1489,10,1211.97,4.12,0
439,1555,11,1036.07,5.45,0
440,677,3,1014.2,7.35,0
441,1268,8,777.19,3.64,0
442,1673,10,793.97,5.48,0
443,1322,5,400.53,7.8,0
444,1030,6,933.72,6.27,0
445,1970,9,1580.72,6.55,0
446,595,1,1741.61,7.31,0
447,451,4,2511.84,44.37,1
448,779,5,488.89,7.58,0
449,1134,6,921.7,4.17,0
450,251,2,716.19,6.2,0
451,1666,10,947.72,4.56,0
452,836,5,502.51,7.01,0
453,693,3,843.2,4.52,0
454,1863,11,1132.79,2.25,0
455,482,1,830.03,5.28,0
456,2110,9,1085.32,1.78,0
457,199,2,853.8,4.62,0
458,877,6,767.38,6.14,0
459,1726,11,759.63,4.26,0
460,439,2,615.28,2.67,0
461,630,1,4793.74,25.47,1
462,286,1,1333.34,10.3,0
463,302,3,998.54,5.95,0
464,1198,6,7664.83,34.71,1
465,462,3,441.44,3.12,0
466,942,6,761.23,6.7,0
467,1010,6,852.91,6.57,0
468,868,6,1288.59,4.01,0
469,1560,12,1125.57,2.52,0
470,1483,9,1184.44,6.99,0
471,1527,9,1338.23,4.43,0
472,1745,11,1205.39,1.87,0
473,991,5,992.17,2.74,0
474,188,1,1314.88,6.97,0
475,1429,7,4886.4,73.26,1
476,989,6,1059.3,7.85,0
477,1808,9,5856.33,36.18,1
478,2025,10,922.39,6.19,0
479,1460,6,882.43,5.48,0
480,1236,7,4078.12,60.73,1
481,377,2,1335.26,7.39,0
482,1408,5,866.87,5.36,0
483,1094,6,1157.72,3.64,0
484,1680,10,1226.35,6.76,0
485,1232,8,920.6,4.22,0
486,827,5,646.16,11.19,0
487,581,1,1443.13,3.93,0
488,2038,10,792.46,4.15,0
489,2062,9,859.23,6.39,0
490,124,4,789.13,6.13,0
491,323,4,1527.75,8.24,0
492,1852,12,987.98,5.44,0
493,1834,10,5488.76,54.56,1
494,1478,10,795.6,6.19,0
495,1623,10,4811.22,32.9,1
496,230,4,818.07,7.74,0
497,103,1,4837.69,69.5,1
498,102,2,1446.13,2.3,0
499,451,2,789.41,6.98,0
500,410,1,1517.93,5.14,0
501,1690,12,904.11,5.14,0
502,1159,6,1058.85,7.84,0
503,1401,6,1324.18,7.91,0
504,922,6,805.94,7.79,0
505,805,6,1440.19,7.94,0
506,290,3,552.27,6.51,0
507,1050,6,1024.5,2.87,0
508,1249,7,993.35,6.56,0
509,1350,7,1290.91,3.23,0
510,251,2,704.78,5.75,0
511,1222,6,5802.35,35.08,1
512,861,8,1046.96,3.09,0
513,494,1,4597.67,34.5,1
514,1978,9,942.37,3.52,0
515,1792,10,1263.84,5.97,0
516,2029,12,6937.33,37.37,1
517,24,1,1286.31,10.99,0
518,102,3,693.78,4.68,0
519,995,5,855.97,6.09,0
520,1032,6,1318.45,6.6,0
521,1536,9,1229.25,4.69,0
522,1264,6,844.66,10.93,0
523,1073,5,594.79,3.85,0
524,82,2,4833.05,39.85,1
525,119,3,1257.87,4.12,0
526,1400,6,582.64,3.24,0
527,1129,5,4891.43,72.59,1
528,643,1,1671.68,4.43,0
529,789,6,1574.48,1.71,0
530,311,1,7551.37,70.5,1
531,32,1,977.0,4.4,0
532,1120,8,1564.35,8.75,0
533,800,5,440.81,7.63,0
534,912,7,1275.94,7.43,0
535,1349,6,851.9,2.76,0
536,1349,5,679.43,4.18,0
537,1088,7,3807.7,65.59,1
538,1061,5,509.91,8.9,0
539,1484,10,4620.69,82.89,1
540,598,2,902.79,5.9,0
541,1799,10,1397.26,2.68,0
542,1032,6,1155.95,11.2,0
543,1423,5,957.61,4.94,0
544,1955,9,780.3,3.9,0
545,2078,10,1024.68,8.55,0
546,2137,9,6056.87,44.98,1
547,580,2,1439.11,4.81,0
548,1425,7,1161.7,4.16,0
549,333,2,1037.43,7.68,0
550,1682,9,7071.21,34.17,1
551,1467,9,4041.6,48.71,1
552,2005,10,939.29,5.38,0
553,1803,9,1251.35,5.34,0
554,597,2,3300.8,46.4,1
555,1811,11,1149.13,7.17,0
556,1310,5,972.47,9.09,0
557,1347,6,4061.49,45.81,1
558,1433,6,8894.7,62.69,1
559,306,1,1288.03,4.96,0
560,1523,12,1505.29,2.4,0
561,1582,9,1167.81,7.37,0
562,2083,9,803.5,5.03,0
563,160,2,794.88,5.35,0
564,436,2,1172.08,2.22,0
565,1891,10,1005.78,3.25,0
566,1639,10,763.93,5.54,0
567,1288,6,1334.89,5.0,0
568,1041,5,340.44,6.84,0
569,674,3,1275.32,4.49,0
570,867,7,1304.75,8.27,0
571,674,2,1090.38,11.06,0
572,2043,9,673.72,9.63,0
573,971,8,1378.66,1.74,0
574,750,5,1149.62,3.19,0
575,1058,5,606.55,2.15,0
576,1939,10,689.2,3.75,0
577,1421,5,661.29,3.61,0
578,426,3,671.75,4.99,0
579,1689,9,1132.82,6.1,0
580,1397,6,1043.62,6.09,0
581,622,2,3540.51,87.78,1
582,224,2,1262.51,9.92,0
583,170,4,818.19,8.16,0
584,1609,10,1124.92,11.87,0
585,1202,7,1216.74,8.23,0
586,691,4,4200.91,61.39,1
587,1013,6,1006.51,9.31,0
588,2119,9,939.2,2.27,0
589,1249,6,2893.12,89.46,1
590,1190,7,3680.5,35.06,1
591,807,5,629.47,10.39,0
592,1096,5,1097.25,4.03,0
593,1012,5,1068.64,5.24,0
594,556,2,1061.29,2.35,0
595,442,2,1085.85,6.98,0
596,1499,11,1353.29,1.26,0
597,628,2,7761.14,97.15,1
598,229,3,757.71,8.41,0
599,336,1,8736.26,39.35,1
600,1155,5,1379.45,4.23,0
601,1640,9,828.99,5.3,0
602,377,1,955.01,3.92,0
603,1936,10,793.69,6.11,0
604,1262,6,949.27,2.42,0
605,938,6,749.04,2.93,0
606,936,5,484.3,6.6,0
607,726,3,430.43,7.78,0
608,2145,10,907.11,7.86,0
609,1315,7,1512.81,8.67,0
610,105,2,1658.92,3.57,0
611,2106,9,543.57,6.57,0
612,613,1,1240.38,3.88,0
613,396,2,633.8,6.6,0
614,2155,10,929.37,6.74,0
615,1932,9,1102.37,2.85,0
616,1366,6,1112.23,4.78,0
617,986,5,534.93,5.47,0
618,1692,10,5082.01,82.92,1
619,2031,9,1429.42,2.68,0
620,1847,10,1289.53,3.38,0
621,138,2,639.3,7.96,0
622,1136,6,613.45,3.84,0
623,819,6,1262.72,4.82,0
624,1364,5,1431.19,7.96,0
625,2181,10,871.74,8.92,0
626,436,2,1181.67,8.81,0
627,675,3,919.49,3.23,0
628,1235,5,525.13,2.34,0
629,843,7,1422.81,5.49,0
630,329,1,1046.52,2.64,0
631,1307,5,5554.29,94.91,1
632,1698,10,1575.69,3.29,0
633,2035,9,1443.45,4.98,0
634,1369,5,562.42,2.81,0
635,1962,11,1003.73,7.29,0
636,851,6,674.65,5.92,0
637,1242,5,5694.6,32.75,1
638,67,4,686.2,6.73,0
639,995,7,6464.64,34.58,1
640,1678,10,1674.24,11.21,0
641,87,3,1168.76,3.19,0
642,655,2,7791.01,52.03,1
643,1314,5,6256.94,74.37,1
644,1535,10,1500.21,8.89,0
645,1520,9,968.79,2.25,0
646,1638,10,1044.45,6.8,0
647,2188,9,966.2,3.35,0
648,1064,5,886.09,3.1,0
649,2116,10,616.64,2.54,0
650,2102,12,1835.86,5.02,0
651,457,1,1056.03,2.34,0
652,322,2,896.15,4.36,0
653,51,1,1038.36,2.55,0
654,1273,5,595.19,3.52,0
655,1135,7,1215.77,2.21,0
656,285,3,643.3,6.06,0
657,517,2,3515.37,63.72,1
658,1819,9,823.84,7.19,0
659,1056,6,648.41,5.51,0
660,1584,10,1611.57,5.37,0
661,1761,9,1522.26,9.4,0
662,1559,10,845.76,9.27,0
663,537,1,1349.43,8.14,0
664,783,6,1362.83,2.92,0
665,2082,10,727.93,2.57,0
666,1115,6,1330.15,3.72,0
667,1334,6,1351.13,4.65,0
668,696,1,1375.05,9.68,0
669,847,6,3188.83,55.49,1
670,133,3,601.28,6.32,0
671,1343,5,907.01,3.18,0
672,656,1,1341.3,4.51,0
673,535,1,1356.14,6.58,0
674,2072,9,836.97,3.69,0
675,2127,10,1647.64,1.16,0
676,2045,9,1098.85,6.95,0
677,34,1,1377.3,6.04,0
678,1377,5,757.42,8.31,0
679,182,1,923.44,6.48,0
680,1102,8,852.16,5.65,0
681,1164,6,3220.9,37.42,1
682,109,1,1078.43,3.36,0
683,496,1,1626.04,6.0,0
684,1766,10,1140.88,4.5,0
685,1102,6,858.77,3.59,0
686,2151,11,857.83,6.49,0
687,1325,7,1432.55,3.62,0
688,857,5,990.81,6.26,0
689,456,2,858.33,4.1,0
690,1990,12,1661.6,4.33,0
691,913,6,749.33,6.18,0
692,807,8,1536.48,3.38,0
693,900,5,6458.33,67.04,1
694,1502,9,1011.42,8.38,0
695,1105,7,5611.27,41.03,1
696,59,2,992.11,3.86,0
697,1513,10,1630.94,4.61,0
698,495,3,483.82,3.75,0
699,969,7,849.5,3.59,0
700,1765,10,4271.68,54.07,1
701,839,6,771.15,5.0,0
702,1250,5,857.76,2.81,0
703,341,4,706.05,6.24,0
704,704,2,828.39,2.98,0
705,1740,10,670.89,7.25,0
706,1084,5,1138.05,2.73,0
707,2087,11,3937.78,72.37,1
708,241,2,573.26,7.29,0
709,303,3,905.2,2.19,0
710,2028,11,986.48,4.42,0
711,588,1,999.64,3.2,0
712,69,1,1189.49,8.91,0
713,1052,5,759.49,7.14,0
714,844,6,1287.44,7.49,0
715,1067,6,1081.19,7.97,0
716,635,1,1151.0,4.54,0
717,289,1,965.11,6.55,0
718,2077,10,897.2,10.06,0
719,925,7,5273.51,42.52,1
720,1581,11,1173.58,4.97,0
721,998,5,616.17,5.91,0
722,296,2,758.45,9.07,0
723,454,2,1539.55,5.08,0
724,1456,6,950.72,2.86,0
725,1293,6,895.63,4.65,0
726,100,2,6384.41,31.1,1
727,1380,5,1023.39,4.92,0
728,1282,6,873.79,5.34,0
729,1411,6,1171.71,3.05,0
730,2131,11,927.81,4.4,0
731,1165,7,1272.26,3.6,0
732,483,1,878.04,3.48,0
733,75,1,974.09,3.94,0
734,648,3,1218.84,3.77,0
735,677,1,1593.9,3.51,0
736,1046,5,724.81,4.91,0
737,1808,11,1418.31,3.83,0
738,8,1,1544.85,7.08,0
739,1645,9,1052.62,6.98,0
740,1750,11,1333.39,5.64,0
741,314,1,4214.7,56.76,1
742,1364,6,1228.53,4.5,0
743,925,5,1172.11,5.58,0
744,414,3,809.86,8.29,0
745,2138,10,906.41,2.26,0
746,132,2,4262.04,73.73,1
747,920,5,805.25,4.21,0
748,1940,10,1406.44,3.5,0
749,367,2,1082.45,10.33,0
750,1684,9,903.7,2.48,0
751,946,7,965.09,6.71,0
752,649,2,590.11,6.67,0
753,907,5,4143.55,29.12,1
754,1511,10,707.11,2.8,0
755,1042,5,1457.73,4.74,0
756,647,1,4814.26,32.02,1
757,1400,7,1486.83,7.54,0
758,1389,7,1056.51,11.04,0
759,864,6,1043.61,7.29,0
760,1927,9,732.98,2.86,0
761,564,1,1051.56,8.68,0
762,634,2,1405.04,5.66,0
763,1990,10,919.44,8.17,0
764,1354,5,503.93,6.38,0
765,1044,5,876.95,2.0,0
766,1914,10,1747.17,6.44,0
767,1609,10,1089.19,6.32,0
768,1471,9,1114.66,6.04,0
769,649,3,1192.14,7.76,0
770,266,3,1124.78,5.09,0
771,2000,9,995.92,5.26,0
772,1257,5,1241.34,4.88,0
773,1844,9,642.28,7.45,0
774,1546,10,1390.85,11.25,0
775,1460,8,1141.43,3.53,0
776,1675,9,798.67,3.27,0
777,442,2,1138.62,3.34,0
778,494,3,457.6,8.78,0
779,1704,9,1014.11,6.13,0
780,165,1,855.03,8.55,0
781,1127,7,1064.28,6.69,0
782,1350,5,545.53,8.65,0
783,1510,11,971.19,6.14,0
784,857,6,1007.27,3.17,0
785,1515,9,6962.05,34.37,1
786,850,5,436.94,7.57,0
787,821,6,1172.35,3.24,0
788,1948,10,1060.64,4.58,0
789,320,1,1586.34,3.16,0
790,16,1,921.7,6.92,0
791,356,2,932.74,8.92,0
792,1186,8,804.41,10.81,0
793,1032,5,3758.18,46.56,1
794,291,1,1406.51,4.26,0
795,501,2,773.15,7.72,0
796,1267,6,809.19,10.31,0
797,948,7,1328.0,5.39,0
798,1269,6,862.44,9.08,0
799,451,2,880.47,3.59,0
800,351,3,747.5,4.99,0
801,1376,6,927.33,9.34,0
802,2058,11,1026.02,3.36,0
803,1322,6,654.94,7.36,0
804,1947,10,716.28,3.5,0
805,55,3,729.08,4.01,0
806,243,4,1233.44,2.01,0
807,347,2,1273.11,5.01,0
808,1994,9,675.89,2.79,0
809,615,4,1141.41,4.47,0
810,578,2,707.0,5.14,0
811,518,3,4064.77,39.36,1
812,1813,9,1158.5,5.15,0
813,840,6,1059.71,6.94,0
814,1113,7,1229.12,8.93,0
815,1979,10,791.26,2.87,0
816,198,1,838.18,3.14,0
817,1900,11,1141.81,3.05,0
818,2135,10,1444.72,3.05,0
819,2018,10,1208.3,11.36,0
820,1277,7,1166.36,5.26,0
821,1647,9,846.39,10.13,0
822,876,6,1014.91,5.0,0
823,1034,5,675.82,7.38,0
824,2011,10,983.32,3.23,0
825,1003,7,1414.31,4.71,0
826,482,2,848.35,6.68,0
827,1917,10,3115.7,87.8,1
828,362,1,1704.24,4.54,0
829,1357,6,1085.89,1.76,0
830,6,3,685.1,9.04,0
831,55,1,1274.58,3.71,0
832,1658,9,1221.45,6.09,0
833,746,5,673.64,4.57,0
834,1787,10,630.0,9.13,0
835,1717,10,1197.26,3.85,0
836,574,1,994.71,4.7,0
837,1368,5,602.8,2.71,0
838,2165,10,800.72,4.45,0
839,31,3,3496.42,18.61,1
840,13,3,726.57,7.65,0
841,2083,11,5360.78,46.32,1
842,1815,9,810.85,5.54,0
843,1763,10,1077.48,6.04,0
844,805,6,922.23,7.86,0
845,585,3,819.49,5.73,0
846,806,7,1114.19,2.71,0
847,425,3,1273.06,6.09,0
848,1413,6,1250.09,5.73,0
849,382,2,1508.24,4.88,0
850,1609,9,873.08,8.54,0
851,1676,9,1159.98,10.61,0
852,1674,11,1122.79,7.2,0
853,1131,5,815.15,4.04,0
854,2153,12,798.71,3.96,0
855,1684,10,738.22,3.69,0
856,676,1,1011.49,7.18,0
857,596,1,1253.0,4.81,0
858,1729,10,908.37,6.94,0
859,2162,9,971.0,3.58,0
860,1799,10,3089.77,64.77,1
861,297,3,480.25,5.05,0
862,546,1,999.05,4.12,0
863,1736,9,752.41,7.71,0
864,1243,5,690.83,9.38,0
865,1919,9,818.13,5.97,0
866,1497,9,1235.58,7.84,0
867,628,3,928.39,3.14,0
868,1614,9,850.94,6.35,0
869,1990,11,1191.61,3.09,0
870,1948,10,1038.4,8.36,0
871,1353,6,946.22,6.02,0
872,198,1,998.23,6.47,0
873,2149,11,1258.16,4.36,0
874,601,2,572.77,3.08,0
875,356,1,1301.61,1.96,0
876,1035,6,908.85,7.89,0
877,441,2,1071.37,2.23,0
878,923,5,698.88,5.01,0
879,1345,6,1130.86,7.16,0
880,16,3,909.2,9.49,0
881,1466,11,1346.5,8.27,0
882,882,5,1019.34,4.4,0
883,1341,5,739.54,5.62,0
884,1015,6,646.27,3.68,0
885,1184,6,984.12,5.4,0
886,1675,10,1470.97,10.0,0
887,1464,10,1074.8,1.27,0
888,1859,10,1633.01,7.23,0
889,141,1,1025.63,4.47,0
890,234,3,399.55,6.36,0
891,1895,9,1270.9,7.79,0
892,698,2,775.82,6.86,0
893,8,1,1517.55,5.27,0
894,79,2,1152.42,4.85,0
895,173,3,1187.2,5.69,0
896,1072,5,1072.47,7.81,0
897,896,7,1581.31,2.95,0
898,1468,10,1011.6,3.59,0
899,1358,5,888.66,6.02,0
900,49,2,1288.26,3.83,0
901,703,2,888.15,3.25,0
902,1383,5,744.95,3.68,0
903,1801,9,1189.2,3.17,0
904,1412,7,881.76,3.42,0
905,448,2,742.37,8.75,0
906,1563,11,1435.71,1.57,0
907,1856,9,794.03,2.34,0
908,1159,5,694.82,6.51,0
909,1320,5,1330.34,6.24,0
910,2141,9,849.47,6.01,0
911,21,1,4984.05,46.84,1
912,1719,12,883.2,6.04,0
913,1870,9,1133.06,9.42,0
914,1237,5,800.95,3.84,0
915,1094,6,869.4,4.88,0
916,2143,12,1267.73,7.11,0
917,472,1,845.01,4.15,0
918,1338,7,1039.17,7.87,0
919,292,2,1119.5,1.6,0
920,849,5,691.0,8.16,0
921,1258,6,687.9,2.6,0
922,1077,5,913.58,4.71,0
923,1747,9,1439.16,5.65,0
924,1480,9,829.53,7.8,0
925,1178,7,1135.28,3.69,0
926,1394,5,1211.26,7.92,0
927,257,2,1070.65,6.0,0
928,710,3,929.26,6.04,0
929,1313,6,864.02,6.08,0
930,1088,6,780.23,9.02,0
931,1436,6,969.0,3.1,0
932,1850,10,871.82,4.13,0
933,991,6,1485.67,2.5,0
934,1492,9,954.34,5.69,0
935,1079,5,1348.98,5.33,0
936,1313,5,4629.14,48.22,1
937,1795,11,4838.37,78.06,1
938,2120,9,1634.23,4.8,0
939,490,3,690.87,9.14,0
940,871,7,931.55,10.76,0
941,224,1,886.73,6.06,0
942,685,4,1070.37,1.3,0
943,117,1,939.74,4.05,0
944,1232,6,998.18,2.18,0
945,1507,9,690.18,6.41,0
946,827,5,900.14,7.31,0
947,988,5,441.66,8.17,0
948,1017,5,959.88,8.07,0
949,1004,6,520.69,5.43,0
950,2155,11,1070.4,10.58,0
951,91,2,1140.75,8.21,0
952,1557,9,960.91,2.79,0
953,809,7,1033.2,4.88,0
954,1360,6,1173.12,4.06,0
955,1752,9,704.06,5.69,0
956,873,6,987.59,4.57,0
957,690,3,937.12,3.99,0
958,989,6,1223.72,10.73,0
959,19,2,666.66,6.04,0
960,1334,5,985.86,3.84,0
961,2086,10,6350.29,43.49,1
962,112,4,519.79,4.59,0
963,1238,5,462.01,3.41,0
964,1693,11,1333.75,4.01,0
965,1454,5,3765.94,68.88,1
966,859,6,1157.93,3.68,0
967,66,1,1411.58,7.36,0
968,1400,5,687.75,7.36,0
969,519,2,1080.11,2.32,0
970,1717,9,1008.75,4.0,0
971,1572,11,1222.26,6.3,0
972,1864,10,1197.58,6.19,0
973,1722,10,1096.5,4.68,0
974,1251,7,1474.82,8.8,0
975,496,1,1590.49,6.04,0
976,487,2,960.6,9.23,0
977,70,2,4144.9,38.89,1
978,322,2,4688.63,38.12,1
979,1434,5,670.41,5.08,0
980,1961,9,1022.28,3.72,0
981,1312,6,905.68,6.91,0
982,38,3,975.13,4.02,0
983,1065,6,837.52,10.3,0
984,1453,6,817.03,11.18,0
985,1826,10,756.08,1.81,0
986,1128,6,563.52,7.73,0
987,1477,10,1358.52,8.7,0
988,1802,11,1309.49,4.91,0
989,1139,5,701.65,6.79,0
990,131,2,910.01,6.97,0
991,1394,7,1064.28,5.47,0
992,1881,9,1446.48,2.97,0
993,735,5,364.86,3.66,0
994,69,1,1453.73,3.69,0
995,1754,10,984.79,4.16,0
996,1532,11,957.13,4.31,0
997,1745,10,711.04,2.08,0
998,354,2,659.32,4.86,0
999,1891,10,910.16,4.37,0
1000,928,6,621.02,6.71,0
1001,973,6,1455.22,7.77,0
1002,186,2,982.82,3.22,0
1003,50,3,663.6,2.84,0
1004,784,5,886.61,4.59,0
1005,166,1,1273.49,10.44,0
1006,1034,6,875.35,7.79,0
1007,452,1,1129.44,10.81,0
1008,921,6,1194.75,6.77,0
1009,2126,10,913.06,4.05,0
1010,1761,10,839.92,5.79,0
1011,1126,5,616.19,1.64,0
1012,920,6,1207.41,2.77,0
1013,656,1,1743.6,7.5,0
1014,1418,8,757.71,4.65,0
1015,1940,10,853.24,3.4,0
1016,1387,5,1106.6,3.66,0
1017,1783,12,1529.17,8.98,0
1018,860,5,3911.97,70.22,1
1019,849,5,894.99,3.27,0
1020,1174,5,1178.35,3.27,0
1021,257,2,954.86,2.75,0
1022,450,3,1063.08,4.66,0
1023,1130,6,7389.85,25.56,1
1024,619,1,5624.92,39.69,1
1025,2015,10,1116.95,3.35,0
1026,501,1,5862.69,60.05,1
1027,1765,11,3771.5,34.06,1
1028,464,2,624.21,9.95,0
1029,1442,5,867.78,10.83,0
1030,482,3,1056.39,2.26,0
1031,1460,7,1116.02,8.37,0
1032,1769,10,1060.86,3.03,0
1033,268,3,1019.66,3.8,0
1034,1870,10,3893.53,14.83,1
1035,2174,10,907.11,2.94,0
1036,51,2,1056.8,8.16,0
1037,1071,6,6040.78,31.92,1
1038,820,6,987.42,4.62,0
1039,1944,11,898.11,3.62,0
1040,1437,6,946.3,4.59,0
1041,142,3,990.91,5.12,0
1042,777,6,1212.23,4.36,0
1043,808,5,1217.28,2.72,0
1044,38,2,7292.73,57.39,1
1045,25,1,1596.38,4.0,0
1046,398,2,949.34,9.7,0
1047,428,1,1216.99,8.96,0
1048,1362,6,2745.27,39.51,1
1049,808,7,1084.89,3.44,0
1050,517,2,1102.14,3.39,0
1051,1616,9,752.62,4.35,0
1052,888,5,3859.28,47.95,1
1053,1793,10,4685.67,86.29,1
1054,300,1,6993.98,77.86,1
1055,1174,6,1027.8,1.91,0
1056,2187,9,589.26,5.48,0
1057,681,2,675.83,6.43,0
1058,579,1,854.28,7.64,0
1059,1559,10,6118.16,76.92,1
1060,314,2,1054.65,8.98,0
1061,1484,10,781.25,6.66,0
1062,1800,9,1324.33,6.51,0
1063,1315,5,671.26,7.77,0
1064,1699,9,800.3,5.99,0
1065,1929,9,5411.3,62.79,1
1066,104,2,1135.17,3.69,0
1067,1408,5,968.47,6.56,0
1068,2130,9,1201.03,2.55,0
1069,1081,7,1050.33,4.4,0
1070,302,1,1259.01,2.54,0
1071,827,6,1006.99,3.4,0
1072,342,2,868.32,7.35,0
1073,1876,9,930.51,4.61,0
1074,1105,5,584.34,7.65,0
1075,895,5,579.87,5.43,0
1076,541,1,1104.77,6.22,0
1077,835,6,1038.72,7.51,0
1078,375,3,1160.4,3.51,0
1079,1039,6,1180.78,5.76,0
1080,1009,5,704.54,9.63,0
1081,661,2,595.29,3.75,0
1082,1463,10,1421.59,4.1,0
1083,386,3,667.51,3.36,0
1084,1205,6,840.05,6.72,0
1085,639,1,1329.09,5.01,0
1086,499,2,1033.3,7.96,0
1087,399,4,546.52,5.77,0
1088,493,1,7449.74,35.14,1
1089,269,1,4046.48,66.56,1
1090,675,4,1415.6,3.73,0
1091,602,2,842.75,4.74,0
1092,540,2,772.01,4.83,0
1093,1889,10,977.31,2.65,0
1094,1019,8,1266.21,3.24,0
1095,1734,9,794.06,2.84,0
1096,1926,9,1368.44,6.67,0
1097,320,3,772.76,9.52,0
1098,1856,9,1454.09,4.38,0
1099,2064,11,999.85,3.25,0
1100,620,1,6085.89,34.36,1
1101,794,7,1249.49,11.74,0
1102,2178,10,1307.12,3.13,0
1103,2086,9,787.8,4.67,0
1104,561,2,688.29,5.17,0
1105,2002,9,4711.1,40.17,1
1106,1761,11,1180.42,4.07,0
1107,786,7,1454.53,4.62,0
1108,746,6,1273.18,11.39,0
1109,1029,5,1136.72,3.49,0
1110,2081,9,1246.04,4.04,0
1111,1151,6,1330.63,3.96,0
1112,801,5,825.9,5.16,0
1113,2089,9,488.36,3.33,0
1114,739,5,797.7,7.37,0
1115,716,2,1052.27,9.78,0
1116,1201,6,758.46,10.7,0
1117,1633,10,6347.25,33.33,1
1118,148,2,1091.09,4.03,0
1119,1543,9,490.57,9.93,0
1120,1836,10,862.65,3.06,0
1121,1127,6,3990.88,46.89,1
1122,1872,10,1537.75,2.86,0
1123,1118,7,1013.76,4.82,0
1124,1124,6,985.32,4.01,0
1125,589,4,1073.55,3.47,0
1126,1769,10,1272.67,9.74,0
1127,1108,5,5367.99,30.93,1
1128,768,8,1405.34,2.66,0
1129,1600,10,982.09,6.5,0
1130,2082,11,1065.22,7.12,0
1131,1966,10,862.44,3.62,0
1132,2152,10,1036.75,3.16,0
1133,2161,10,3345.06,32.02,1
1134,799,6,4545.61,79.29,1
1135,173,3,1332.89,4.54,0
1136,1587,11,1044.61,9.28,0
1137,446,3,849.51,4.47,0
1138,1319,5,552.14,4.91,0
1139,1291,6,1164.14,9.42,0
1140,1784,11,925.17,2.27,0
1141,2057,9,930.93,1.69,0
1142,1221,6,1186.97,7.38,0
1143,1410,5,1180.24,9.87,0
1144,149,2,727.43,3.82,0
1145,1545,9,609.46,4.13,0
1146,96,2,1274.92,3.44,0
1147,890,7,7059.78,41.31,1
1148,656,1,1275.22,1.89,0
1149,119,1,1040.04,7.33,0
1150,792,7,870.56,5.07,0
1151,1528,12,1307.68,7.43,0
1152,906,5,1061.39,6.41,0
1153,2079,9,1231.68,2.61,0
1154,741,6,955.61,7.45,0
1155,450,2,846.46,5.68,0
1156,1258,5,421.44,7.26,0
1157,373,2,1459.63,6.02,0
1158,2154,9,1029.25,7.82,0
1159,1282,7,1007.27,7.97,0
1160,961,7,4746.1,35.29,1
1161,29,2,1624.62,1.86,0
1162,292,1,1267.77,7.81,0
1163,1290,5,497.7,10.56,0
1164,890,6,710.75,4.99,0
1165,572,1,1115.1,10.04,0
1166,147,2,8782.93,23.22,1
1167,1631,10,1104.9,8.91,0
1168,459,1,7381.44,52.77,1
1169,173,2,1133.64,11.26,0
1170,32,1,1165.62,4.22,0
1171,67,3,6622.3,22.38,1
1172,1211,6,716.3,7.76,0
1173,1213,6,1007.45,7.13,0
1174,1197,6,931.85,5.68,0
1175,529,2,1123.66,6.01,0
1176,1156,6,1013.37,2.72,0
1177,1790,11,884.01,5.62,0
1178,1457,5,681.01,2.79,0
1179,1580,11,1315.2,7.68,0
1180,2096,9,1401.63,3.79,0
1181,914,6,761.24,5.16,0
1182,684,2,1225.38,7.09,0
1183,1301,6,1120.06,5.15,0
1184,1073,6,915.67,2.22,0
1185,1310,5,826.01,9.12,0
1186,1931,11,1526.95,2.36,0
1187,126,3,883.82,10.21,0
1188,1635,9,621.38,5.24,0
1189,1358,5,893.03,7.78,0
1190,1042,7,5017.07,82.61,1
1191,2123,10,756.02,4.79,0
1192,1343,6,640.08,2.99,0
1193,159,2,906.58,3.52,0
1194,333,2,1323.37,2.93,0
1195,1612,10,3684.94,53.83,1
1196,24,2,875.21,3.52,0
1197,601,1,892.41,4.12,0
1198,1365,6,1345.86,8.83,0
1199,1396,5,587.59,1.64,0
1200,2108,11,875.14,7.55,0
1201,2054,9,1101.97,4.44,0
1202,1341,6,910.27,5.6,0
1203,1556,11,1187.38,2.81,0
1204,2015,10,9090.73,40.27,1
1205,1039,5,534.34,3.66,0
1206,612,1,1460.15,6.88,0
1207,1054,6,1351.76,4.88,0
1208,441,2,725.17,7.56,0
1209,1199,7,904.16,5.46,0
1210,952,5,4305.7,27.29,1
1211,1162,8,1607.97,2.75,0
1212,1733,11,1087.45,5.26,0
1213,1675,11,3834.63,60.93,1
1214,538,2,785.07,5.49,0
1215,1545,10,1104.55,6.24,0
1216,1613,10,972.77,4.89,0
1217,2045,9,1051.14,7.13,0
1218,1327,7,812.09,7.86,0
1219,1132,6,914.15,9.16,0
1220,1626,9,1343.78,3.52,0
1221,116,2,7608.34,67.96,1
1222,912,5,829.75,8.21,0
1223,1062,6,1255.49,8.36,0
1224,447,3,1032.88,8.4,0
1225,749,6,4146.13,52.44,1
1226,1377,5,1096.53,6.63,0
1227,1013,6,932.48,2.24,0
1228,1242,5,526.47,4.3,0
1229,2164,9,926.76,7.27,0
1230,1744,10,1619.18,7.63,0
1231,1803,9,916.02,5.71,0
1232,133,1,943.26,1.19,0
1233,2111,10,886.56,3.0,0
1234,964,7,4755.15,84.57,1
1235,470,3,723.44,10.76,0
1236,450,1,770.38,9.97,0
1237,82,1,1219.8,7.8,0
1238,2158,9,1007.27,3.47,0
1239,2094,10,766.51,3.63,0
1240,1088,6,1034.31,4.78,0
1241,1339,7,1386.56,3.79,0
1242,77,1,4108.99,51.8,1
1243,851,5,761.39,5.69,0
1244,1827,10,852.26,5.25,0
1245,378,1,1479.39,3.87,0
1246,518,4,823.61,3.37,0
1247,46,1,1171.33,9.2,0
1248,1505,9,665.6,6.92,0
1249,1478,10,6609.75,35.38,1
1250,1975,10,1206.85,6.8,0
1251,1543,10,1370.08,2.74,0
1252,1257,6,1066.66,3.43,0
1253,2152,10,924.67,4.79,0
1254,256,2,972.88,1.65,0
1255,2185,9,1287.68,6.36,0
1256,1226,6,1216.57,4.3,0
1257,1525,10,1206.1,5.28,0
1258,787,6,614.17,4.65,0
1259,806,6,1206.22,3.66,0
1260,1365,5,761.94,6.68,0
1261,321,1,863.01,3.46,0
1262,1574,10,1364.75,3.78,0
1263,1257,6,5634.32,37.14,1
1264,1941,9,538.79,8.82,0
1265,1657,9,1189.69,7.26,0
1266,517,2,927.4,4.53,0
1267,464,2,1463.86,4.17,0
1268,991,6,1170.08,5.39,0
1269,10,2,950.06,3.18,0
1270,511,3,6471.14,49.1,1
1271,62,2,3898.74,57.99,1
1272,1659,9,586.8,11.39,0
1273,1493,10,818.44,4.25,0
1274,57,3,737.24,3.59,0
1275,595,3,875.11,2.96,0
1276,294,3,756.92,3.56,0
1277,1584,9,577.42,3.78,0
1278,906,7,6017.17,67.37,1
1279,615,1,1105.72,11.17,0
1280,613,1,1409.78,4.34,0
1281,2105,12,1126.52,5.03,0
1282,295,2,1394.9,8.8,0
1283,1060,5,653.85,5.6,0
1284,429,2,974.19,7.35,0
1285,847,5,534.83,10.17,0
1286,1904,12,1025.01,2.52,0
1287,440,1,914.25,9.91,0
1288,299,2,1143.45,1.66,0
1289,1322,5,725.49,8.26,0
1290,2168,9,910.73,7.35,0
1291,1733,11,1258.19,4.8,0
1292,1841,9,1143.29,10.82,0
1293,555,3,634.68,4.62,0
1294,1197,5,745.64,6.16,0
1295,770,7,1420.67,8.23,0
1296,382,1,1176.88,1.37,0
1297,1485,9,749.44,8.48,0
1298,1520,9,1048.87,6.17,0
1299,2034,9,948.77,5.25,0
1300,1329,6,1117.54,5.43,0
1301,1939,10,1372.24,6.04,0
1302,1022,5,1133.65,3.47,0
1303,1347,8,1115.09,9.13,0
1304,26,3,1027.23,4.82,0
1305,261,2,867.28,4.95,0
1306,1599,10,1168.56,4.51,0
1307,1675,9,611.19,1.98,0
1308,1075,5,1134.59,1.78,0
1309,17,1,1301.01,8.43,0
1310,1953,9,901.03,4.67,0
1311,1162,6,3172.85,69.62,1
1312,1258,6,1197.67,5.18,0
1313,71,3,1189.53,5.33,0
1314,496,2,1229.4,5.93,0
1315,2115,12,801.25,3.34,0
1316,196,1,1158.14,11.23,0
1317,824,6,1150.21,8.36,0
1318,288,2,1049.52,5.6,0
1319,229,1,1019.83,8.77,0
1320,543,3,667.12,2.93,0
1321,626,2,1483.31,8.41,0
1322,483,1,5369.04,54.94,1
1323,1146,5,1071.28,6.49,0
1324,570,1,6678.21,26.64,1
1325,663,1,952.87,2.62,0
1326,1203,7,903.38,7.48,0
1327,1361,7,1220.58,8.21,0
1328,1434,6,782.84,11.01,0
1329,1405,6,4613.3,54.29,1
1330,2150,9,820.37,8.73,0
1331,2134,9,1177.04,4.08,0
1332,119,1,1629.94,7.92,0
1333,748,5,4698.05,37.64,1
1334,1629,10,5666.76,37.88,1
1335,1262,5,773.49,5.54,0
1336,1103,6,943.96,4.24,0
1337,2101,11,1506.81,9.05,0
1338,972,6,1302.1,10.0,0
1339,1385,5,642.81,7.47,0
1340,1164,7,1434.41,9.3,0
1341,412,1,1125.84,8.08,0
1342,2029,9,708.13,2.58,0
1343,1265,5,1035.42,3.05,0
1344,2109,10,1083.08,3.53,0
1345,123,1,1301.54,5.2,0
1346,902,6,1179.31,2.45,0
1347,1842,12,1786.39,2.36,0
1348,441,2,855.38,5.31,0
1349,1399,6,599.71,10.29,0
1350,2075,11,2992.11,46.65,1
1351,565,1,1127.66,2.55,0
1352,441,2,959.01,8.33,0
1353,1406,7,1049.09,7.13,0
1354,1369,6,764.86,3.14,0
1355,2141,9,9163.94,59.43,1
1356,183,1,1112.78,4.38,0
1357,1301,5,645.8,2.68,0
1358,606,1,1212.44,5.95,0
1359,1045,5,1264.18,6.2,0
1360,1009,5,4604.2,46.47,1
1361,1327,6,2967.14,79.87,1
1362,425,1,1274.98,2.73,0
1363,51,2,947.15,5.65,0
1364,2130,11,6589.74,35.96,1
1365,1376,7,974.66,8.15,0
1366,1761,10,1543.4,5.51,0
1367,1382,5,728.84,4.83,0
1368,2081,9,996.79,5.4,0
1369,123,1,1796.54,3.09,0
1370,1178,5,473.63,6.64,0
1371,334,1,5445.06,53.01,1
1372,1932,12,1521.62,6.88,0
1373,1195,7,4928.64,87.52,1
1374,1233,5,557.81,7.35,0
1375,1342,7,1002.74,9.01,0
1376,1292,5,871.34,7.33,0
1377,1547,9,562.83,9.28,0
1378,1210,5,968.33,8.21,0
1379,343,2,4088.74,27.45,1
1380,1059,7,1197.61,5.66,0
1381,1234,6,920.38,3.95,0
1382,996,6,5195.03,38.91,1
1383,1154,7,3911.22,34.73,1
1384,2146,10,1224.66,4.25,0
1385,1304,7,7566.94,42.45,1
1386,1362,5,746.27,5.04,0
1387,79,1,944.84,4.71,0
1388,1643,9,1161.38,3.9,0
1389,536,3,694.0,3.78,0
1390,1684,9,1402.81,4.25,0
1391,721,2,1248.0,6.07,0
1392,641,2,1407.42,1.45,0
1393,1061,6,1426.28,5.28,0
1394,1061,6,978.5,5.35,0
1395,975,7,989.24,7.34,0
1396,2043,10,1132.95,8.63,0
1397,1469,9,545.28,6.34,0
1398,1057,5,625.6,3.76,0
1399,1466,11,791.1,3.91,0
1400,324,1,1384.51,7.0,0
1401,1229,7,1181.97,7.22,0
1402,102,2,1112.37,6.65,0
1403,1385,6,1420.85,4.6,0
1404,1460,5,516.24,3.27,0
1405,1148,7,1085.3,7.91,0
1406,210,4,991.71,5.0,0
1407,1821,9,1149.14,7.18,0
1408,1804,9,729.08,8.35,0
1409,544,3,484.95,4.79,0
1410,314,1,1796.65,4.19,0
1411,572,2,701.78,3.72,0
1412,1817,10,948.89,5.58,0
1413,389,1,1186.26,6.08,0
1414,194,2,1174.88,7.92,0
1415,937,6,1230.93,3.02,0
1416,625,2,1039.7,4.32,0
1417,2022,9,4544.34,46.37,1
1418,2076,12,1042.54,3.21,0
1419,1276,6,1004.61,2.79,0
1420,2128,11,972.29,4.95,0
1421,1006,6,711.63,7.66,0
1422,1564,10,927.54,6.47,0
1423,1212,6,1209.74,4.22,0
1424,775,7,7060.04,61.8,1
1425,676,3,724.93,2.94,0
1426,1157,5,374.39,2.81,0
1427,978,7,1079.57,4.8,0
1428,65,1,908.04,3.35,0
1429,828,7,1110.38,5.58,0
1430,1017,5,690.13,6.7,0
1431,2175,12,1216.23,3.79,0
1432,2046,9,1077.62,6.06,0
1433,141,1,992.42,4.37,0
1434,54,3,3996.14,37.31,1
1435,528,2,896.0,4.32,0
1436,116,1,1168.94,6.1,0
1437,1529,10,1521.92,6.81,0
1438,481,3,368.93,3.81,0
1439,2111,9,839.41,9.61,0
1440,955,7,3953.46,82.36,1
1441,1979,10,786.42,4.17,0
1442,882,5,746.52,4.2,0
1443,1621,9,956.0,7.38,0
1444,1832,10,1104.27,5.9,0
1445,1519,10,1102.93,5.98,0
1446,988,5,819.73,4.39,0
1447,907,5,982.29,6.85,0
1448,269,1,1592.42,10.34,0
1449,1051,5,1162.96,11.19,0
1450,984,8,1211.97,2.5,0
1451,2156,10,822.94,9.68,0
1452,759,7,2718.44,71.72,1
1453,792,7,1305.23,4.22,0
1454,410,3,901.4,5.32,0
1455,1970,10,871.73,3.57,0
1456,1133,7,1047.1,1.94,0
1457,453,2,848.57,2.79,0
1458,327,4,3319.36,14.68,1
1459,1700,9,1605.1,9.37,0
1460,1929,11,1477.31,5.66,0
1461,217,1,4041.19,52.86,1
1462,1076,5,6504.06,54.82,1
1463,142,1,1009.58,6.64,0
1464,1991,9,1385.56,9.09,0
1465,1413,5,1096.41,3.84,0
1466,397,2,923.13,8.87,0
1467,423,1,5461.63,32.28,1
1468,1663,11,1024.07,3.17,0
1469,467,1,1258.48,6.14,0
1470,395,1,1355.02,1.68,0
1471,1023,6,1522.39,6.46,0
1472,2105,10,1044.74,4.29,0
1473,513,2,6185.69,52.59,1
1474,478,2,1641.51,7.53,0
1475,1103,6,1087.57,11.08,0
1476,942,5,1093.89,5.38,0
1477,294,3,723.87,9.42,0
1478,1965,9,538.16,6.76,0
1479,382,3,545.04,3.33,0
1480,738,7,1485.46,6.67,0
1481,1539,10,1201.64,4.34,0
1482,310,2,740.21,2.88,0
1483,2103,10,967.88,4.48,0
1484,440,3,555.75,9.8,0
1485,1669,11,1013.39,5.2,0
1486,2122,10,1407.11,8.56,0
1487,293,2,4925.77,31.36,1
1488,457,3,635.74,4.6,0
1489,2115,9,641.26,6.86,0
1490,1494,11,1185.99,3.92,0
1491,669,2,1169.38,6.22,0
1492,1256,5,1220.53,5.17,0
1493,586,1,1162.71,7.3,0
1494,928,5,1308.53,3.24,0
1495,2076,10,4920.49,28.75,1
1496,456,4,922.79,3.91,0
1497,1168,5,6212.4,26.27,1
1498,1076,6,951.95,4.24,0
1499,551,2,1360.63,3.67,0
1500,298,1,895.47,5.26,0
1501,488,2,674.17,9.41,0
1502,1384,6,874.15,9.92,0
1503,497,1,859.43,4.37,0
1504,1798,11,4334.01,33.78,1
1505,2087,10,1474.66,7.62,0
1506,607,4,881.7,2.33,0
1507,1897,9,970.26,6.49,0
1508,1199,6,852.14,6.24,0
1509,786,6,986.49,5.97,0
1510,2024,9,1100.19,5.07,0
1511,1284,6,797.77,2.31,0
1512,1531,9,827.93,4.49,0
1513,1180,8,1250.26,2.95,0
1514,1439,7,1126.88,7.71,0
1515,495,2,5103.68,59.55,1
1516,1300,5,1003.07,2.53,0
1517,130,1,3286.7,50.66,1
1518,801,7,1190.72,2.89,0
1519,1205,6,804.94,6.93,0
1520,894,5,1125.34,9.77,0
1521,1089,6,2318.9,44.45,1
1522,343,3,848.58,3.27,0
1523,1329,5,612.08,6.35,0
1524,1318,8,919.54,7.19,0
1525,806,6,1271.5,3.23,0
1526,1664,9,1457.19,3.88,0
1527,233,1,872.16,3.87,0
1528,1891,10,1004.77,4.57,0
1529,2101,9,1326.73,7.19,0
1530,1027,6,636.83,8.04,0
1531,734,5,1099.98,4.82,0
1532,1071,6,3247.04,74.87,1
1533,2155,11,1185.99,7.22,0
1534,707,1,1665.77,10.36,0
1535,2065,9,1181.11,5.68,0
1536,293,1,6352.42,85.15,1
1537,2191,11,1425.19,6.97,0
1538,1495,9,619.12,7.11,0
1539,839,6,1627.92,6.0,0
1540,1294,7,953.01,2.58,0
1541,1174,6,775.49,7.53,0
1542,942,6,719.21,6.78,0
1543,1201,5,732.84,6.26,0
1544,450,1,1145.58,3.89,0
1545,1893,10,3180.1,20.79,1
1546,1218,8,3384.66,38.01,1
1547,1316,5,710.8,10.0,0
1548,2153,9,838.42,8.01,0
1549,930,6,846.2,5.26,0
1550,554,3,883.34,4.48,0
1551,2096,9,544.66,2.27,0
1552,130,1,1133.91,4.54,0
1553,823,6,1005.72,6.09,0
1554,272,3,837.54,3.05,0
1555,1672,9,1158.25,7.91,0
1556,378,1,1198.52,4.14,0
1557,1042,5,1106.6,5.67,0
1558,1713,10,1563.3,3.98,0
1559,1239,7,1291.51,9.82,0
1560,1971,10,7379.84,47.13,1
1561,696,2,660.07,4.66,0
1562,2154,9,524.77,7.02,0
1563,1290,6,983.26,2.92,0
1564,2125,12,928.95,2.67,0
1565,2039,10,967.68,5.89,0
1566,695,2,1319.18,5.6,0
1567,254,2,679.91,7.05,0
1568,1235,8,3290.49,49.22,1
1569,250,1,1418.03,9.72,0
1570,1979,9,1330.34,5.97,0
1571,1285,6,7601.54,31.09,1
1572,1274,5,507.1,6.78,0
1573,1906,11,1071.06,2.97,0
1574,2044,9,4980.31,41.11,1
1575,1825,9,875.05,6.58,0
1576,443,2,1055.38,3.61,0
1577,321,1,1120.02,4.74,0
1578,1379,7,1071.01,8.09,0
1579,1540,10,3107.93,32.35,1
1580,160,2,871.22,8.63,0
1581,1479,10,693.39,8.1,0
1582,821,7,3228.47,39.8,1
1583,675,1,1063.43,2.34,0
1584,1184,6,802.02,4.16,0
1585,295,1,1097.1,5.57,0
1586,1154,6,867.71,3.02,0
1587,735,6,707.13,10.3,0
1588,1735,10,937.92,8.75,0
1589,1620,9,1434.51,1.63,0
1590,1855,9,519.8,7.09,0
1591,700,1,1448.06,6.79,0
1592,197,2,760.11,3.97,0
1593,1997,11,6296.65,76.65,1
1594,1436,6,973.54,4.77,0
1595,1343,5,5186.56,87.1,1
1596,1733,9,968.53,6.23,0
1597,1428,5,971.1,4.82,0
1598,787,5,367.69,3.09,0
1599,826,6,888.8,8.98,0
1600,1784,10,1418.93,5.24,0
1601,1147,5,759.85,5.4,0
1602,118,4,3113.94,74.02,1
1603,1641,9,5618.68,29.73,1
1604,94,3,598.62,4.95,0
1605,1190,5,3373.43,44.07,1
1606,1103,7,1771.96,3.05,0
1607,554,1,1361.05,7.11,0
1608,236,2,1027.03,9.13,0
1609,474,1,1403.2,1.86,0
1610,1912,11,844.73,3.8,0
1611,1331,8,1014.39,6.61,0
1612,994,5,712.01,3.62,0
1613,59,3,723.4,2.46,0
1614,11,2,2763.11,66.82,1
1615,264,2,1161.37,5.83,0
1616,973,6,1363.27,3.49,0
1617,1121,5,593.12,6.8,0
1618,407,1,1185.83,10.05,0
1619,1558,10,908.98,4.06,0
1620,1875,12,1247.75,10.17,0
1621,1212,6,786.16,6.18,0
1622,1079,7,964.27,3.54,0
1623,327,3,953.0,8.32,0
1624,1617,9,510.75,2.53,0
1625,976,5,1191.9,8.26,0
1626,522,2,725.03,7.26,0
1627,1839,11,1036.15,3.49,0
1628,1193,6,1274.24,7.53,0
1629,1254,6,2419.64,64.95,1
1630,1430,6,1475.52,7.01,0
1631,1351,6,645.27,4.74,0
1632,64,2,1430.85,2.5,0
1633,532,1,830.11,4.15,0
1634,1081,7,1128.24,5.58,0
1635,615,2,595.5,4.43,0
1636,1242,6,862.37,1.96,0
1637,1095,6,858.25,2.57,0
1638,2093,10,968.46,8.39,0
1639,277,4,1533.53,2.49,0
1640,1100,7,930.26,9.35,0
1641,2190,10,1311.69,6.18,0
1642,573,3,1224.88,3.3,0
1643,1916,10,911.52,3.98,0
1644,1142,6,1278.55,2.75,0
1645,210,3,759.16,6.85,0
1646,1936,11,810.34,8.04,0
1647,459,2,1188.84,9.06,0
1648,813,6,958.09,7.25,0
1649,1321,6,3825.23,23.61,1
1650,1750,9,1092.03,4.67,0
1651,505,2,686.04,1.51,0
1652,1280,6,1047.72,3.59,0
1653,616,2,1145.47,2.79,0
1654,223,2,803.55,8.21,0
1655,301,1,1278.32,7.15,0
1656,188,4,600.45,5.95,0
1657,4,2,902.46,5.15,0
1658,82,3,907.86,2.9,0
1659,131,1,883.93,2.34,0
1660,481,3,915.41,4.67,0
1661,813,5,985.83,4.36,0
1662,1860,9,1348.21,6.32,0
1663,1994,9,944.05,3.84,0
1664,366,1,1140.97,9.95,0
1665,1470,10,4969.89,65.32,1
1666,1787,10,954.33,1.9,0
1667,1087,6,1014.92,5.55,0
1668,98,1,948.59,4.07,0
1669,754,6,813.92,5.32,0
1670,523,2,997.37,5.71,0
1671,1429,8,1375.45,1.94,0
1672,797,6,909.45,6.26,0
1673,443,3,3240.45,24.05,1
1674,1308,7,1024.82,3.69,0
1675,1020,5,1148.09,4.82,0
1676,765,5,633.86,3.44,0
1677,1519,9,516.97,7.97,0
1678,844,5,2675.45,70.35,1
1679,1831,11,1039.11,7.53,0
1680,1105,6,1459.17,3.67,0
1681,462,1,1363.33,10.61,0
1682,389,1,1390.58,5.5,0
1683,2036,10,842.47,5.65,0
1684,1447,5,4846.61,65.28,1
1685,868,5,595.98,2.99,0
1686,629,3,706.89,3.69,0
1687,1212,6,752.97,3.12,0
1688,1530,9,4462.13,36.2,1
1689,1352,6,930.79,2.08,0
1690,2005,11,1048.14,8.02,0
1691,449,1,781.19,9.03,0
1692,624,2,1399.43,7.05,0
1693,1823,10,1071.53,7.77,0
1694,1429,5,475.27,4.13,0
1695,818,7,1091.95,4.73,0
1696,737,7,1185.87,5.85,0
1697,581,4,1144.56,8.94,0
1698,867,7,1087.5,6.73,0
1699,1306,5,881.92,2.09,0
1700,475,3,1061.73,2.19,0
1701,882,7,1003.79,10.89,0
1702,1322,6,1143.13,3.86,0
1703,2188,10,968.53,10.11,0
1704,1833,11,1015.65,2.52,0
1705,1670,11,1285.56,4.66,0
1706,1831,10,1111.92,5.66,0
1707,794,5,1161.86,8.38,0
1708,162,2,585.15,4.1,0
1709,960,5,867.48,7.09,0
1710,645,2,4825.25,28.43,1
1711,1510,10,708.93,7.79,0
1712,1419,6,1356.1,8.79,0
1713,297,3,3598.06,48.43,1
1714,1301,5,620.27,6.22,0
1715,104,1,1450.31,5.84,0
1716,1784,11,1089.5,8.29,0
1717,1831,10,945.68,9.17,0
1718,1188,5,1069.26,6.31,0
1719,1144,5,1240.6,2.93,0
1720,483,1,1104.79,5.67,0
1721,146,2,1243.49,3.09,0
1722,1473,12,1203.74,6.98,0
1723,1121,6,996.74,3.95,0
1724,1363,5,1302.96,4.15,0
1725,208,1,1417.19,6.1,0
1726,2118,12,1181.58,7.22,0
1727,1725,10,835.66,3.72,0
1728,1437,6,1387.78,10.11,0
1729,84,1,1478.15,3.62,0
1730,681,2,1123.29,2.52,0
1731,1791,10,1034.54,6.28,0
1732,1595,9,1141.35,6.64,0
1733,1225,5,1365.59,4.54,0
1734,725,4,939.67,10.47,0
1735,1206,7,1060.18,8.31,0
1736,450,2,4851.59,81.21,1
1737,1079,5,463.59,4.02,0
1738,332,2,5084.17,50.01,1
1739,1533,9,794.27,3.71,0
1740,1091,7,1511.71,7.21,0
1741,1557,10,742.94,3.19,0
1742,1536,11,1101.46,1.85,0
1743,447,2,1282.37,4.81,0
1744,1572,9,1006.51,7.58,0
1745,1959,9,1175.32,3.55,0
1746,2067,10,867.84,3.41,0
1747,801,6,658.27,4.06,0
1748,1950,10,937.1,1.76,0
1749,615,2,1349.14,5.25,0
1750,2151,12,1104.15,6.61,0
1751,2074,9,713.95,6.71,0
1752,955,5,790.2,5.57,0
1753,1916,10,2885.02,32.5,1
1754,1536,11,1420.65,5.72,0
1755,1124,5,691.85,2.32,0
1756,1422,5,1101.07,6.35,0
1757,1366,8,1033.25,1.75,0
1758,1705,9,853.75,9.64,0
1759,1190,6,4690.97,57.26,1
1760,1197,5,629.86,5.84,0
1761,723,1,1454.83,4.72,0
1762,1972,10,919.12,5.73,0
1763,1174,7,1715.91,5.4,0
1764,1572,9,5086.75,41.16,1
1765,1697,10,761.0,4.63,0
1766,105,2,1480.25,2.84,0
1767,36,4,757.04,2.39,0
1768,2001,9,7869.32,84.21,1
1769,776,5,556.71,2.71,0
1770,278,1,1190.04,6.65,0
1771,557,1,4016.72,30.7,1
1772,1288,5,732.62,8.75,0
1773,277,4,1136.97,5.29,0
1774,1697,12,1030.65,4.58,0
1775,1000,7,1569.9,9.44,0
1776,1414,7,1282.97,3.81,0
1777,1335,8,1628.7,4.86,0
1778,1681,11,1124.18,2.43,0
1779,1841,12,3047.11,57.8,1
1780,812,5,1296.62,6.97,0
1781,1019,6,1053.11,5.29,0
1782,1964,12,1401.65,8.15,0
1783,1430,5,884.66,3.03,0
1784,1490,12,1278.85,10.83,0
1785,1208,6,849.95,3.48,0
1786,847,6,1035.7,2.22,0
1787,35,1,1182.27,9.58,0
1788,863,5,574.62,7.19,0
1789,1046,5,637.29,7.5,0
1790,1347,6,1064.16,3.07,0
1791,1630,9,1025.13,3.7,0
1792,522,1,5553.96,61.17,1
1793,682,2,1212.78,3.87,0
1794,1645,12,1580.89,3.87,0
1795,1184,8,1060.53,5.9,0
1796,194,1,1203.34,4.15,0
1797,1014,5,825.75,5.72,0
1798,1039,6,931.3,3.73,0
1799,156,3,493.8,4.95,0
1800,1553,10,9314.52,65.89,1
1801,1639,9,661.55,2.13,0
1802,1037,5,927.34,11.51,0
1803,1431,7,822.86,6.88,0
1804,815,5,906.84,1.73,0
1805,1858,9,1047.72,1.68,0
1806,2167,10,1731.83,2.45,0
1807,1638,9,711.02,3.59,0
1808,5,4,1014.77,7.92,0
1809,2152,9,707.05,8.69,0
1810,722,2,1177.75,3.93,0
1811,431,2,1023.45,3.07,0
1812,879,5,732.11,4.54,0
1813,506,2,1204.98,9.21,0
1814,1902,9,1167.13,4.6,0
1815,1180,5,690.66,7.0,0
1816,1410,6,522.85,3.19,0
1817,1021,6,727.0,9.76,0
1818,962,6,946.34,2.88,0
1819,200,1,1485.45,2.8,0
1820,1385,7,1094.29,2.47,0
1821,1007,7,1431.01,3.17,0
1822,1426,5,916.59,2.5,0
1823,1266,7,1190.18,4.22,0
1824,1133,5,761.92,3.22,0
1825,1218,6,878.95,3.91,0
1826,1719,10,1139.07,7.66,0
1827,230,3,670.99,3.38,0
1828,1299,7,4457.31,64.86,1
1829,2146,10,996.17,5.25,0
1830,1319,6,4928.88,81.54,1
1831,1404,7,843.77,1.47,0
1832,1069,6,618.41,5.48,0
1833,1829,10,1190.08,9.17,0
1834,2154,10,1316.91,4.93,0
1835,309,3,484.35,2.63,0
1836,890,5,728.35,3.29,0
1837,597,2,848.66,8.22,0
1838,1740,9,6880.42,53.0,1
1839,908,5,920.51,6.75,0
1840,640,1,1349.66,3.66,0
1841,1305,5,884.04,2.82,0
1842,1228,5,700.65,7.16,0
1843,191,3,1041.75,4.22,0
1844,2080,11,981.76,5.91,0
1845,1150,7,965.3,7.26,0
1846,1609,10,5012.21,33.49,1
1847,330,1,1439.96,7.55,0
1848,2047,9,1192.61,5.73,0
1849,1562,10,765.47,4.11,0
1850,569,1,734.33,3.78,0
1851,2097,9,719.88,5.78,0
1852,1457,5,585.19,2.9,0
1853,4,2,954.75,7.97,0
1854,517,3,795.24,3.63,0
1855,399,3,744.78,6.74,0
1856,2003,9,963.0,3.01,0
1857,335,1,1434.4,6.73,0
1858,1481,10,1470.79,3.78,0
1859,1311,6,1355.0,3.38,0
1860,268,1,1508.29,8.96,0
1861,1164,5,899.03,4.93,0
1862,554,2,1036.69,8.75,0
1863,1613,9,1251.81,7.05,0
1864,1243,7,4439.35,46.86,1
1865,755,5,3292.15,76.24,1
1866,860,7,999.02,6.57,0
1867,2028,9,600.76,7.19,0
1868,1310,5,1207.14,4.63,0
1869,856,6,4384.69,48.79,1
1870,1372,5,1227.22,3.95,0
1871,650,4,803.57,2.98,0
1872,834,5,759.3,3.91,0
1873,1459,6,725.16,5.25,0
1874,31,1,1227.16,2.5,0
1875,1823,9,1414.61,4.91,0
1876,1370,7,1744.77,1.46,0
1877,423,2,851.3,2.71,0
1878,411,2,944.08,4.13,0
1879,311,3,1151.96,5.59,0
1880,724,3,364.48,4.62,0
1881,1931,10,6030.41,68.89,1
1882,1035,7,819.47,5.75,0
1883,2077,11,1115.11,7.77,0
1884,1777,12,1573.85,8.13,0
1885,1146,5,614.02,6.4,0
1886,831,6,1596.35,9.55,0
1887,443,1,1482.98,5.81,0
1888,2028,11,1520.0,7.4,0
1889,1567,11,1187.24,7.16,0
1890,1972,10,3767.19,31.59,1
1891,764,5,688.61,6.64,0
1892,981,7,1371.65,5.15,0
1893,1516,10,1019.98,10.8,0
1894,125,1,1608.1,7.25,0
1895,552,2,742.86,9.52,0
1896,780,5,3511.49,32.67,1
1897,88,1,1727.36,6.41,0
1898,1588,9,954.61,4.43,0
1899,1295,5,1125.67,2.85,0
1900,1797,10,920.71,5.59,0
1901,1871,9,1449.9,7.36,0
1902,850,5,714.92,5.11,0
1903,1949,9,1193.03,3.31,0
1904,512,2,917.57,3.54,0
1905,2053,9,546.74,7.42,0
1906,936,7,989.44,2.97,0
1907,746,5,1248.66,4.09,0
1908,1101,5,4688.41,56.92,1
1909,2183,10,834.17,2.27,0
1910,632,3,1004.03,4.02,0
1911,596,2,823.33,7.02,0
1912,1986,11,904.35,9.35,0
1913,1144,7,1126.27,7.26,0
1914,1951,9,751.15,4.17,0
1915,995,5,850.91,6.81,0
1916,534,4,649.3,9.48,0
1917,591,2,1093.22,4.44,0
1918,840,6,3554.28,32.31,1
1919,1838,11,3598.95,45.32,1
1920,726,1,1013.06,10.71,0
1921,1755,11,918.45,3.07,0
1922,628,1,1028.36,3.74,0
1923,908,5,5390.83,46.31,1
1924,434,1,1051.67,2.55,0
1925,890,7,1529.69,7.88,0
1926,1918,10,1184.86,11.19,0
1927,1452,8,1609.33,6.44,0
1928,1740,9,1037.77,7.36,0
1929,1228,5,452.52,2.79,0
1930,268,1,1615.19,4.94,0
1931,930,5,753.61,1.94,0
1932,738,7,1486.02,5.64,0
1933,1653,10,802.71,8.1,0
1934,1519,9,1327.88,3.06,0
1935,680,1,858.64,8.78,0
1936,1525,10,1262.03,6.9,0
1937,964,6,574.91,2.91,0
1938,14,2,726.21,6.28,0
1939,1582,11,1046.75,3.72,0
1940,1579,9,847.68,3.74,0
1941,740,7,1125.13,8.29,0
1942,916,6,929.99,7.29,0
1943,182,2,979.15,7.51,0
1944,992,5,995.83,6.11,0
1945,665,2,5828.87,55.55,1
1946,1569,11,955.69,1.58,0
1947,1949,11,1017.34,5.61,0
1948,1503,9,911.23,5.44,0
1949,71,1,1014.14,10.06,0
1950,1281,6,1160.96,6.6,0
1951,2052,11,1180.49,5.67,0
1952,1402,5,1139.02,10.11,0
1953,947,6,1470.77,3.27,0
1954,278,3,1354.93,1.31,0
1955,133,1,1268.49,8.75,0
1956,1573,11,738.76,3.55,0
1957,25,1,1457.36,3.22,0
1958,776,5,758.17,5.34,0
1959,432,3,972.94,10.55,0
1960,1180,5,569.54,4.89,0
1961,1225,6,1393.0,5.56,0
1962,1482,9,810.18,8.86,0
1963,850,7,9487.49,39.9,1
1964,1638,11,1189.35,2.1,0
1965,1502,10,931.37,2.99,0
1966,834,6,844.66,2.29,0
1967,1520,12,1328.39,1.76,0
1968,285,1,7238.83,44.08,1
1969,1993,10,791.93,5.71,0
1970,1981,12,827.61,10.22,0
1971,847,6,7559.3,60.44,1
1972,274,2,1298.42,3.31,0
1973,1841,10,1350.27,3.79,0
1974,1210,6,817.27,5.55,0
1975,304,2,744.48,6.18,0
1976,399,1,2818.6,31.74,1
1977,2162,10,867.8,5.07,0
1978,809,6,1241.5,3.14,0
1979,127,1,1019.6,4.77,0
1980,521,2,868.03,7.62,0
1981,299,3,975.32,7.81,0
1982,2134,10,1700.3,4.85,0
1983,1046,6,621.23,7.9,0
1984,17,3,405.87,6.44,0
1985,1186,6,1234.48,6.36,0
1986,2126,11,1278.24,5.0,0
1987,2072,10,1043.96,2.25,0
1988,1679,11,734.08,1.91,0
1989,1598,9,743.36,6.35,0
1990,1750,10,972.79,8.48,0
1991,2040,10,1421.19,7.98,0
1992,805,6,567.25,7.49,0
1993,1383,6,8733.92,26.54,1
1994,1946,9,3990.93,21.82,1
1995,1693,9,1192.32,8.64,0
1996,413,4,3951.12,62.11,1
1997,1079,6,1544.55,6.28,0
1998,1152,5,960.67,3.92,0
1999,849,5,665.57,4.83,0
2000,1485,10,851.55,3.43,0
2001,1151,5,479.93,8.1,0
2002,299,2,1136.03,5.86,0
2003,2060,9,838.08,7.61,0
2004,529,2,850.11,6.23,0
2005,584,2,686.54,9.3,0
2006,1137,7,1160.24,11.45,0
2007,1467,9,807.58,7.55,0
2008,2095,9,617.16,7.69,0
2009,161,1,1854.55,7.17,0
2010,326,1,2411.09,35.32,1
2011,883,5,794.09,3.58,0
2012,92,2,857.76,5.66,0
2013,591,3,595.46,4.97,0
2014,1694,9,1618.5,4.21,0
2015,1846,9,1351.78,4.52,0
2016,62,4,893.04,5.44,0
2017,2143,9,1476.38,7.76,0
2018,68,2,1137.73,2.66,0
2019,432,3,756.5,8.98,0
2020,349,2,6894.27,28.24,1
2021,302,4,5575.69,96.13,1
2022,690,1,965.31,3.84,0
2023,1305,6,1216.8,3.0,0
2024,300,2,650.8,4.98,0
2025,422,2,997.07,5.26,0
2026,672,2,740.43,5.49,0
2027,31,2,1070.19,6.21,0
2028,2099,10,6690.18,35.43,1
2029,181,2,6322.05,67.99,1
2030,1146,6,1453.04,3.74,0
2031,1447,5,748.32,4.27,0
2032,1958,10,881.66,3.76,0
2033,470,3,778.77,7.65,0
2034,149,4,692.79,2.33,0
2035,349,1,877.84,4.68,0
2036,74,2,1627.64,4.28,0
2037,1886,9,788.46,7.84,0
2038,393,3,519.65,4.02,0
2039,1758,9,5751.68,59.84,1
2040,1683,9,1161.66,3.4,0
2041,219,3,1082.47,4.74,0
2042,316,1,1393.89,3.37,0
2043,734,6,6703.68,100.25,1
2044,44,1,1337.61,9.29,0
2045,489,1,1439.87,2.27,0
2046,830,6,517.62,5.73,0
2047,1723,10,8426.05,99.22,1
2048,628,3,3547.44,38.01,1
2049,2103,9,6310.74,82.0,1
2050,1516,10,732.31,8.59,0
2051,866,6,900.96,5.0,0
2052,1052,7,1842.58,2.78,0
2053,1965,10,758.33,3.31,0
2054,1979,10,899.45,2.93,0
2055,2122,9,826.02,4.64,0
2056,2164,9,4223.66,35.57,1
2057,495,3,1061.41,3.53,0
2058,1771,9,677.2,3.14,0
2059,1238,6,985.1,4.22,0
2060,1002,6,1499.31,3.32,0
2061,1633,9,4079.55,87.08,1
2062,933,6,1044.92,6.24,0
2063,1140,5,827.18,7.71,0
2064,1021,7,1397.06,3.33,0
2065,431,1,1328.84,4.96,0
2066,197,1,1297.38,6.52,0
2067,1606,12,1241.88,9.66,0
2068,2127,9,5640.65,80.65,1
2069,2143,12,1175.57,9.93,0
2070,1639,10,6840.21,78.63,1
2071,232,2,1163.86,3.58,0
2072,1640,11,902.52,5.76,0
2073,91,3,1284.14,9.3,0
2074,1386,5,410.05,10.29,0
2075,1816,9,1046.11,6.45,0
2076,1404,7,6326.06,44.72,1
2077,1051,8,801.79,4.47,0
2078,1713,10,1359.65,1.5,0
2079,1887,10,1532.64,4.38,0
2080,2136,11,874.37,3.49,0
2081,394,3,1427.74,8.67,0
2082,759,6,936.43,5.39,0
2083,865,7,5145.71,79.52,1
2084,137,1,1028.9,6.69,0
2085,1087,5,734.12,4.66,0
2086,1904,10,1077.01,2.82,0
2087,1803,9,1058.25,6.57,0
2088,1659,9,756.43,8.25,0
2089,1376,6,1253.4,7.67,0
2090,1667,9,1126.1,2.07,0
2091,1370,7,1577.5,9.93,0
2092,1010,6,708.79,7.04,0
2093,718,1,1171.06,7.08,0
2094,1365,5,1157.17,5.69,0
2095,1167,7,963.69,3.25,0
2096,668,2,1063.88,10.47,0
2097,1026,7,1074.34,6.17,0
2098,863,7,2801.3,62.98,1
2099,1793,9,562.65,7.69,0
2100,67,2,578.85,4.19,0
2101,1994,12,1337.8,3.59,0
2102,579,3,1007.74,8.68,0
2103,329,4,824.59,3.66,0
2104,1310,5,994.39,8.97,0
2105,1271,7,4410.8,76.38,1
2106,1819,10,4029.33,43.6,1
2107,1057,6,1437.48,4.0,0
2108,926,5,1197.35,5.74,0
2109,1541,12,1422.6,2.25,0
2110,1110,6,969.03,1.92,0
2111,998,6,560.42,1.46,0
2112,2059,10,910.56,6.92,0
2113,15,2,1055.62,3.9,0
2114,324,1,1524.35,4.45,0
2115,1890,11,804.23,3.72,0
2116,1968,9,1204.1,2.51,0
2117,883,6,872.67,1.98,0
2118,2085,12,978.7,4.67,0
2119,694,1,1517.8,8.16,0
2120,1173,6,1150.57,8.15,0
2121,409,3,932.17,2.61,0
2122,1108,6,745.35,4.69,0
2123,1888,10,911.36,2.66,0
2124,641,1,824.0,6.06,0
2125,329,2,828.82,2.93,0
2126,868,6,817.34,8.63,0
2127,593,1,1224.77,7.68,0
2128,1529,11,1314.37,7.42,0
2129,92,2,1280.18,5.83,0
2130,1965,10,1733.76,8.36,0
2131,923,6,760.55,5.93,0
2132,1784,9,1116.47,8.65,0
2133,4,1,1243.85,6.16,0
2134,872,6,915.33,7.44,0
2135,1266,5,657.85,6.58,0
2136,1191,6,936.36,3.47,0
2137,552,2,723.31,8.34,0
2138,315,2,893.45,7.26,0
2139,110,2,938.67,1.64,0
2140,170,2,1107.71,4.55,0
2141,272,3,849.56,8.52,0
2142,1431,5,821.84,11.39,0
2143,1397,6,796.85,6.09,0
2144,2143,11,970.91,4.6,0
2145,610,1,1288.59,3.65,0
2146,1252,5,897.21,5.84,0
2147,1429,5,631.44,7.16,0
2148,1862,12,1149.35,4.62,0
2149,1057,6,5488.56,68.92,1
2150,436,3,989.6,3.88,0
2151,666,1,1277.36,4.31,0
2152,1142,6,4955.64,43.57,1
2153,398,1,4921.71,21.58,1
2154,469,1,2696.27,50.23,1
2155,1139,5,473.41,6.66,0
2156,127,3,616.69,9.14,0
2157,1757,9,1332.82,8.3,0
2158,921,5,639.68,5.93,0
2159,2138,11,1203.42,4.02,0
2160,1876,11,3533.61,54.86,1
2161,881,8,876.38,5.33,0
2162,1040,7,1403.54,2.19,0
2163,365,3,723.1,8.61,0
2164,608,1,1285.24,3.19,0
2165,1168,6,1377.18,9.0,0
2166,2011,9,1170.07,5.54,0
2167,651,1,8799.61,87.54,1
2168,739,5,3976.56,45.28,1
2169,1144,8,1052.93,6.86,0
2170,1287,6,1294.68,6.94,0
2171,607,2,837.04,3.58,0
2172,346,3,795.09,5.45,0
2173,1610,11,1016.77,7.09,0
2174,395,2,1182.65,5.25,0
2175,1183,5,979.18,3.99,0
2176,884,6,991.83,5.31,0
2177,248,2,2230.88,63.84,1
2178,1072,6,1262.06,3.89,0
2179,1041,6,7326.57,51.51,1
2180,1200,6,682.94,7.9,0
2181,676,2,1236.19,6.48,0
2182,1554,9,656.32,5.39,0
2183,989,6,797.36,1.31,0
2184,613,2,670.5,6.52,0
2185,289,2,1203.71,3.21,0
2186,1514,10,687.95,8.26,0
2187,130,4,856.79,4.63,0
2188,2094,11,924.46,7.65,0
2189,1745,11,1424.45,4.04,0
2190,1406,8,1441.39,5.49,0
2191,2108,11,3059.32,51.47,1
2192,1162,6,670.25,4.73,0
2193,1560,12,1700.75,5.55,0
2194,1222,6,735.56,2.74,0
2195,313,2,746.19,7.34,0
2196,1372,5,749.47,3.86,0
2197,1849,9,1236.31,3.41,0
2198,1924,11,1567.44,2.93,0
2199,2104,10,1075.54,2.03,0
2200,108,2,720.03,5.7,0
2201,128,1,1491.69,7.28,0
2202,700,1,6888.55,39.59,1
2203,843,8,872.98,3.81,0
2204,2036,9,790.38,2.7,0
2205,190,1,1178.11,8.22,0
2206,2051,9,526.31,3.37,0
2207,1535,9,1022.49,1.92,0
2208,852,5,624.66,2.62,0
2209,869,5,950.49,3.03,0
2210,1186,6,633.07,8.36,0
2211,1213,5,417.62,3.33,0
2212,111,1,879.06,7.44,0
2213,159,1,913.71,4.55,0
2214,13,1,1001.46,6.24,0
2215,475,1,1109.06,6.93,0
2216,637,2,4854.54,50.43,1
2217,2007,9,1229.73,2.98,0
2218,803,7,1334.23,7.3,0
2219,510,2,779.97,7.21,0
2220,1120,6,942.37,3.55,0
2221,453,2,1488.11,1.57,0
2222,682,3,1100.16,6.45,0
2223,102,2,950.12,4.4,0
2224,952,5,1193.81,5.42,0
2225,1371,5,4561.27,61.54,1
2226,786,6,5226.29,83.23,1
2227,97,2,1159.12,4.1,0
2228,393,2,707.51,4.99,0
2229,1071,7,1393.86,11.15,0
2230,1911,10,991.03,11.75,0
2231,578,3,894.54,3.53,0
2232,855,6,1382.03,8.68,0
2233,352,1,957.56,5.32,0
2234,964,7,908.82,5.79,0
2235,761,5,1041.45,2.62,0
2236,2175,11,853.51,9.57,0
2237,1201,6,847.29,4.83,0
2238,943,8,1045.25,3.08,0
2239,1352,6,813.07,4.73,0
2240,1016,8,1188.3,3.49,0
2241,798,6,728.15,4.24,0
2242,804,7,1298.54,3.87,0
2243,1981,9,3872.74,59.04,1
2244,1714,9,1276.54,5.06,0
2245,1297,5,633.27,3.56,0
2246,704,2,1452.49,5.27,0
2247,1703,11,904.21,7.02,0
2248,1472,11,1614.84,3.69,0
2249,212,1,4890.1,77.42,1
2250,2167,9,1349.57,4.97,0
2251,541,3,664.79,7.67,0
2252,939,7,3076.26,36.25,1
2253,1037,5,1356.24,5.62,0
2254,1706,10,1051.79,6.64,0
2255,1220,6,1669.96,5.51,0
2256,868,7,1329.85,8.8,0
2257,1089,7,1020.21,8.48,0
2258,645,3,1340.31,5.47,0
2259,904,8,6324.42,58.31,1
2260,1409,6,1089.74,9.46,0
2261,2150,10,977.58,4.53,0
2262,1073,5,1156.75,8.21,0
2263,1019,6,1137.09,6.12,0
2264,1871,12,1649.65,2.79,0
2265,1163,5,1113.84,5.94,0
2266,891,8,1325.0,8.83,0
2267,542,2,864.69,6.17,0
2268,1595,9,1509.54,6.45,0
2269,507,1,1115.6,5.74,0
2270,1136,5,966.5,7.46,0
2271,865,7,916.76,4.76,0
2272,648,1,1191.74,10.17,0
2273,1822,12,1677.9,7.15,0
2274,1385,7,1239.8,3.66,0
2275,1452,7,990.49,10.6,0
2276,1649,12,1398.55,3.53,0
2277,870,6,917.93,1.95,0
2278,2132,10,1496.76,4.75,0
2279,1577,9,1434.45,1.61,0
2280,1575,10,1111.58,4.9,0
2281,1786,9,1092.61,6.66,0
2282,1698,9,1516.53,4.26,0
2283,306,3,651.5,6.52,0
2284,988,6,3230.9,43.36,1
2285,491,1,1239.23,2.01,0
2286,554,1,5288.31,40.22,1
2287,760,5,507.73,4.29,0
2288,2156,12,1181.54,3.08,0
2289,688,3,557.58,4.4,0
2290,272,1,1126.16,7.03,0
2291,977,5,907.0,3.68,0
2292,1886,9,4941.5,67.32,1
2293,1959,11,1056.3,4.27,0
2294,1343,7,3066.68,29.33,1
2295,1385,6,911.68,4.54,0
2296,581,2,1149.97,5.85,0
2297,890,6,657.57,5.19,0
2298,311,2,872.72,7.4,0
2299,1802,10,847.81,8.53,0
2300,72,1,2889.97,46.47,1
2301,1429,5,748.45,9.34,0
2302,1053,6,1043.98,8.4,0
2303,1261,7,1038.53,3.33,0
2304,412,3,3777.05,70.88,1
2305,963,5,1152.21,2.47,0
2306,1169,5,1378.8,7.95,0
2307,217,2,875.24,3.26,0
2308,153,1,1306.33,5.67,0
2309,1391,6,3725.43,39.69,1
2310,2013,9,961.87,2.4,0
2311,1454,5,887.24,5.27,0
2312,1490,9,859.86,4.63,0
2313,735,7,806.54,4.97,0
2314,799,5,773.74,6.06,0
2315,1082,6,6175.01,67.91,1
2316,1708,9,1319.39,5.74,0
2317,2159,10,1621.62,7.05,0
2318,212,1,880.69,1.95,0
2319,1545,11,809.02,5.66,0
2320,591,1,899.65,2.34,0
2321,206,2,1263.3,5.53,0
2322,1270,6,813.23,4.53,0
2323,1374,6,1218.52,4.54,0
2324,710,1,6532.37,37.04,1
2325,2178,11,945.9,10.21,0
2326,1752,12,4886.59,37.43,1
2327,1132,5,716.21,3.96,0
2328,719,3,818.94,5.04,0
2329,1918,10,1305.55,9.05,0
2330,1203,6,1048.81,5.25,0
2331,57,3,1160.56,10.58,0
2332,1925,9,997.3,5.6,0
2333,74,4,1158.41,3.76,0
2334,728,1,4987.88,48.27,1
2335,547,1,1386.31,2.64,0
2336,1154,8,1074.19,9.83,0
2337,997,5,645.97,7.95,0
2338,1037,5,1035.43,2.58,0
2339,693,1,1381.03,6.11,0
2340,1289,5,664.47,6.35,0
2341,311,4,912.33,6.26,0
2342,2031,11,775.71,4.03,0
2343,296,1,957.38,2.09,0
2344,1007,7,961.12,5.1,0
2345,968,6,1617.81,3.04,0
2346,1709,10,939.51,9.45,0
2347,66,2,1133.93,3.21,0
2348,1390,5,970.28,11.43,0
2349,305,1,927.19,5.99,0
2350,807,5,1240.61,3.43,0
2351,965,7,5251.68,32.61,1
2352,2125,9,1287.01,10.84,0
2353,1840,10,1127.53,2.35,0
2354,1928,9,810.83,3.08,0
2355,1531,11,982.84,7.1,0
2356,1629,9,974.14,4.02,0
2357,1499,9,546.81,8.39,0
2358,860,5,991.85,4.46,0
2359,267,2,956.59,11.15,0
2360,1027,6,1225.06,8.52,0
2361,756,5,913.84,6.45,0
2362,904,5,1339.29,4.57,0
2363,1097,6,3496.19,74.58,1
2364,1046,7,1070.87,1.81,0
2365,1666,10,891.48,6.58,0
2366,1552,9,772.25,2.22,0
2367,941,5,6254.52,43.05,1
2368,1074,6,885.06,3.87,0
2369,2084,9,781.4,3.73,0
2370,1573,9,703.01,5.5,0
2371,1033,6,1626.18,4.88,0
2372,1281,5,3773.29,70.51,1
2373,763,5,624.73,7.07,0
2374,1416,7,912.09,6.76,0
2375,924,6,5797.56,54.45,1
2376,1859,12,1029.17,4.72,0
2377,493,3,718.82,7.55,0
2378,252,3,802.66,5.92,0
2379,173,1,1308.95,4.18,0
2380,179,1,1019.49,2.34,0
2381,839,8,1170.0,1.88,0
2382,233,3,1314.05,1.32,0
2383,1783,10,1495.38,6.87,0
2384,1427,5,469.14,5.42,0
2385,472,4,863.06,9.44,0
2386,1045,6,878.86,10.19,0
2387,1915,11,971.69,4.48,0
2388,860,5,901.62,4.44,0
2389,1057,7,828.57,3.67,0
2390,242,1,1094.44,4.0,0
2391,720,3,989.82,3.45,0
2392,1703,10,3299.67,42.19,1
2393,1648,10,910.58,6.46,0
2394,1303,5,1094.27,3.1,0
2395,1465,10,831.71,6.54,0
2396,278,2,951.02,6.94,0
2397,1219,6,988.28,9.37,0
2398,1454,6,1001.5,2.27,0
2399,489,1,1097.49,4.15,0
2400,605,4,1062.44,4.33,0
