fact_presence_id,sk_date,sk_driver,present_flag,worked_hours,absence_flag,late_flag,attendance_status
1,823,34,1,9.6,0,0,On Time
2,722,5,1,9.53,0,0,On Time
3,984,32,1,10.14,0,0,On Time
4,688,13,1,6.78,0,0,On Time
5,109,6,1,8.51,0,0,On Time
6,1519,41,0,0.0,1,0,Absent
7,2007,41,0,0.0,1,0,Absent
8,1686,43,1,8.77,0,0,On Time
9,25,11,1,7.25,0,0,On Time
10,1232,22,1,7.63,0,0,On Time
11,269,14,1,7.5,0,0,On Time
12,1191,25,1,8.03,0,0,On Time
13,1779,54,1,9.13,0,0,On Time
14,1727,49,1,9.77,0,0,On Time
15,311,9,1,8.4,0,0,On Time
16,689,14,1,9.3,0,0,On Time
17,66,17,1,8.92,0,0,On Time
18,1891,44,1,7.13,0,0,On Time
19,317,8,1,8.15,0,0,On Time
20,2084,43,1,6.65,0,0,On Time
21,770,21,1,9.76,0,0,On Time
22,1125,24,1,7.91,0,1,Late
23,106,16,1,8.47,0,0,On Time
24,1603,53,1,9.43,0,0,On Time
25,242,10,1,8.19,0,0,On Time
26,1565,42,0,0.0,1,0,Absent
27,2141,38,1,9.48,0,0,On Time
28,484,17,1,9.25,0,0,On Time
29,1605,47,1,8.66,0,0,On Time
30,891,21,1,8.73,0,0,On Time
31,1468,43,1,9.9,0,0,On Time
32,1720,38,1,6.79,0,0,On Time
33,1614,47,1,8.46,0,0,On Time
34,1453,27,1,6.46,0,0,On Time
35,1629,45,1,8.95,0,0,On Time
36,386,3,1,7.89,0,0,On Time
37,1351,20,0,0.0,1,0,Absent
38,611,3,0,0.0,1,0,Absent
39,1578,52,1,10.64,0,0,On Time
40,30,13,0,0.0,1,0,Absent
41,605,1,1,9.54,0,0,On Time
42,1183,33,1,7.07,0,0,On Time
43,298,11,1,6.64,0,0,On Time
44,1342,28,1,8.64,0,0,On Time
45,489,16,1,8.0,0,0,On Time
46,695,7,1,9.54,0,0,On Time
47,316,13,1,9.07,0,0,On Time
48,1125,28,1,6.8,0,0,On Time
49,379,12,1,8.93,0,0,On Time
50,708,14,1,7.7,0,0,On Time
51,1579,43,0,0.0,1,0,Absent
52,1966,53,1,9.94,0,1,Late
53,1822,47,1,8.49,0,0,On Time
54,1377,34,1,9.25,0,0,On Time
55,1895,51,1,8.54,0,0,On Time
56,122,14,1,8.52,0,0,On Time
57,594,2,0,0.0,1,0,Absent
58,1735,47,1,8.13,0,0,On Time
59,162,2,1,9.17,0,0,On Time
60,801,36,1,10.03,0,0,On Time
61,805,32,1,6.73,0,0,On Time
62,1971,53,1,9.19,0,1,Late
63,437,2,1,9.22,0,0,On Time
64,791,29,1,8.85,0,0,On Time
65,793,24,1,8.61,0,0,On Time
66,1482,42,1,6.3,0,0,On Time
67,768,21,1,6.8,0,1,Late
68,676,11,1,8.78,0,0,On Time
69,496,9,1,8.12,0,1,Late
70,2159,47,1,7.13,0,1,Late
71,1794,44,1,6.72,0,0,On Time
72,947,36,1,9.26,0,0,On Time
73,77,15,1,7.61,0,0,On Time
74,2075,42,1,9.0,0,1,Late
75,788,23,1,8.69,0,0,On Time
76,1848,46,1,8.23,0,0,On Time
77,534,1,1,8.11,0,0,On Time
78,276,7,1,7.18,0,0,On Time
79,1685,42,1,7.23,0,0,On Time
80,1321,33,1,8.17,0,0,On Time
81,507,1,1,8.61,0,0,On Time
82,1962,42,1,10.69,0,0,On Time
83,1193,28,1,9.75,0,0,On Time
84,275,12,1,7.39,0,1,Late
85,1546,40,1,8.36,0,0,On Time
86,1267,36,1,8.01,0,0,On Time
87,1868,52,1,9.58,0,0,On Time
88,1757,44,1,9.1,0,0,On Time
89,2074,43,1,6.62,0,0,On Time
90,917,28,1,7.29,0,0,On Time
91,736,30,1,6.7,0,1,Late
92,2168,41,0,0.0,1,0,Absent
93,1288,22,1,7.77,0,0,On Time
94,1669,54,1,6.91,0,0,On Time
95,1080,29,0,0.0,1,0,Absent
96,754,26,1,7.4,0,0,On Time
97,618,18,1,7.19,0,0,On Time
98,2137,48,1,8.74,0,0,On Time
99,1814,49,1,8.59,0,0,On Time
100,41,10,1,10.21,0,0,On Time
101,2084,40,1,9.03,0,1,Late
102,1954,38,1,10.67,0,0,On Time
103,2146,39,1,8.02,0,0,On Time
104,624,17,1,8.88,0,1,Late
105,1292,21,1,7.2,0,0,On Time
106,978,21,1,8.72,0,0,On Time
107,330,12,1,7.12,0,0,On Time
108,486,1,1,8.35,0,0,On Time
109,858,36,1,7.07,0,0,On Time
110,197,13,1,7.51,0,0,On Time
111,1324,22,0,0.0,1,0,Absent
112,344,13,1,9.23,0,0,On Time
113,1216,28,1,8.24,0,0,On Time
114,1153,22,1,8.57,0,0,On Time
115,1938,52,1,8.82,0,0,On Time
116,133,1,1,9.55,0,0,On Time
117,788,24,1,8.41,0,0,On Time
118,543,11,1,7.07,0,1,Late
119,1025,30,1,8.62,0,0,On Time
120,1781,43,0,0.0,1,0,Absent
121,1975,44,1,8.68,0,0,On Time
122,147,11,1,6.51,0,1,Late
123,157,15,1,8.22,0,0,On Time
124,1039,20,0,0.0,1,0,Absent
125,697,12,1,6.71,0,0,On Time
126,465,11,1,8.16,0,1,Late
127,1727,54,1,8.63,0,0,On Time
128,1856,46,0,0.0,1,0,Absent
129,611,9,1,8.32,0,0,On Time
130,284,10,1,8.68,0,0,On Time
131,998,34,1,8.12,0,0,On Time
132,61,8,1,9.66,0,0,On Time
133,1789,42,1,9.23,0,0,On Time
134,1991,42,1,7.05,0,0,On Time
135,1655,47,1,7.63,0,0,On Time
136,1603,44,1,8.9,0,0,On Time
137,1030,20,0,0.0,1,0,Absent
138,429,12,0,0.0,1,0,Absent
139,1045,23,1,8.11,0,0,On Time
140,2119,38,1,10.44,0,0,On Time
141,1929,46,1,7.63,0,0,On Time
142,704,6,1,7.47,0,0,On Time
143,475,14,1,9.2,0,0,On Time
144,1646,53,1,7.72,0,0,On Time
145,1854,47,1,7.25,0,0,On Time
146,1182,34,0,0.0,1,0,Absent
147,51,12,1,6.96,0,0,On Time
148,2150,41,1,8.13,0,1,Late
149,757,27,1,8.72,0,0,On Time
150,650,14,1,6.35,0,0,On Time
151,759,26,1,6.2,0,0,On Time
152,2083,42,1,9.48,0,0,On Time
153,635,17,1,8.31,0,0,On Time
154,379,17,1,7.82,0,0,On Time
155,840,29,1,9.36,0,0,On Time
156,375,13,1,9.06,0,0,On Time
157,510,15,1,8.82,0,0,On Time
158,1348,27,1,7.57,0,0,On Time
159,1257,30,1,9.86,0,0,On Time
160,933,34,1,7.34,0,0,On Time
161,1285,36,1,7.91,0,0,On Time
162,317,2,1,8.3,0,0,On Time
163,1976,51,1,8.84,0,0,On Time
164,1409,34,1,7.32,0,1,Late
165,472,18,1,8.13,0,0,On Time
166,693,13,1,10.11,0,0,On Time
167,642,8,1,6.67,0,1,Late
168,1388,33,0,0.0,1,0,Absent
169,644,17,1,7.51,0,0,On Time
170,345,7,1,8.97,0,0,On Time
171,429,15,1,8.84,0,0,On Time
172,1059,27,1,7.84,0,0,On Time
173,824,35,1,8.66,0,1,Late
174,911,27,1,9.61,0,0,On Time
175,1217,25,1,6.69,0,0,On Time
176,1951,39,1,8.05,0,0,On Time
177,641,2,1,8.6,0,0,On Time
178,2111,41,1,6.93,0,0,On Time
179,677,11,1,10.56,0,0,On Time
180,1962,46,1,7.78,0,1,Late
181,371,16,1,6.82,0,0,On Time
182,763,35,1,8.58,0,0,On Time
183,1263,31,1,7.44,0,0,On Time
184,265,5,1,8.81,0,0,On Time
185,302,6,1,8.31,0,0,On Time
186,1272,34,1,8.55,0,0,On Time
187,1609,45,1,7.49,0,1,Late
188,818,30,1,9.34,0,0,On Time
189,1156,32,1,7.63,0,0,On Time
190,1378,28,1,8.29,0,0,On Time
191,2036,42,1,6.89,0,0,On Time
192,784,22,1,9.59,0,0,On Time
193,1453,34,1,6.26,0,0,On Time
194,912,28,1,7.43,0,0,On Time
195,847,31,1,9.3,0,0,On Time
196,72,6,1,7.44,0,0,On Time
197,1866,38,1,8.05,0,0,On Time
198,365,10,1,7.4,0,0,On Time
199,126,10,1,7.9,0,0,On Time
200,619,15,1,8.31,0,0,On Time
201,1216,24,1,6.81,0,0,On Time
202,1078,21,1,7.13,0,0,On Time
203,63,15,1,9.68,0,1,Late
204,470,14,0,0.0,1,0,Absent
205,679,8,1,7.97,0,0,On Time
206,1468,52,1,9.12,0,1,Late
207,1073,20,1,8.2,0,1,Late
208,1537,52,1,8.57,0,0,On Time
209,2127,49,1,7.56,0,0,On Time
210,678,16,1,10.3,0,0,On Time
211,621,1,1,9.16,0,1,Late
212,1166,32,0,0.0,1,0,Absent
213,2180,41,1,7.07,0,0,On Time
214,545,6,1,7.49,0,0,On Time
215,416,8,1,7.79,0,0,On Time
216,204,18,1,9.94,0,0,On Time
217,365,5,1,8.46,0,0,On Time
218,1191,23,1,7.49,0,0,On Time
219,1411,22,1,8.06,0,0,On Time
220,880,20,1,7.49,0,0,On Time
221,987,36,1,8.43,0,0,On Time
222,1487,51,1,9.41,0,0,On Time
223,1053,22,1,10.48,0,0,On Time
224,1066,22,1,9.3,0,0,On Time
225,430,5,1,7.16,0,0,On Time
226,143,2,0,0.0,1,0,Absent
227,1731,52,1,7.95,0,0,On Time
228,172,13,1,7.88,0,0,On Time
229,435,8,1,8.79,0,0,On Time
230,1085,22,1,7.39,0,0,On Time
231,878,32,1,7.47,0,0,On Time
232,874,36,1,7.07,0,0,On Time
233,993,21,1,9.84,0,0,On Time
234,1176,30,1,8.06,0,0,On Time
235,1248,30,1,10.47,0,0,On Time
236,63,7,1,9.61,0,0,On Time
237,170,2,1,10.36,0,0,On Time
238,195,12,1,8.47,0,0,On Time
239,899,23,1,7.6,0,1,Late
240,1632,47,0,0.0,1,0,Absent
241,2137,43,1,7.62,0,0,On Time
242,1364,27,1,8.56,0,0,On Time
243,735,23,1,7.85,0,0,On Time
244,7,17,1,8.33,0,0,On Time
245,860,34,1,8.09,0,0,On Time
246,1430,32,0,0.0,1,0,Absent
247,1467,45,1,7.35,0,0,On Time
248,811,23,1,7.67,0,0,On Time
249,866,30,1,7.85,0,0,On Time
250,1028,22,1,8.39,0,0,On Time
251,573,8,1,7.54,0,0,On Time
252,1047,34,1,8.96,0,0,On Time
253,308,15,1,6.71,0,0,On Time
254,84,17,1,6.38,0,1,Late
255,888,36,1,9.63,0,0,On Time
256,826,35,1,8.24,0,0,On Time
257,551,15,0,0.0,1,0,Absent
258,1324,20,1,6.72,0,0,On Time
259,1296,20,1,7.53,0,0,On Time
260,1643,43,1,9.5,0,0,On Time
261,1648,39,1,9.5,0,0,On Time
262,967,32,1,10.06,0,0,On Time
263,240,14,0,0.0,1,0,Absent
264,899,23,1,8.98,0,0,On Time
265,1685,52,1,6.87,0,0,On Time
266,329,17,1,10.33,0,0,On Time
267,678,2,1,6.56,0,0,On Time
268,1251,31,1,8.85,0,0,On Time
269,2136,54,1,7.64,0,0,On Time
270,207,1,0,0.0,1,0,Absent
271,191,1,1,7.1,0,0,On Time
272,2090,46,1,7.87,0,0,On Time
273,6,13,1,7.97,0,1,Late
274,548,12,1,9.16,0,1,Late
275,323,9,0,0.0,1,0,Absent
276,29,6,1,8.88,0,0,On Time
277,219,11,1,8.73,0,0,On Time
278,1485,44,1,8.59,0,0,On Time
279,674,13,1,8.2,0,0,On Time
280,1290,34,1,8.66,0,0,On Time
281,685,14,1,7.57,0,0,On Time
282,885,22,1,8.04,0,0,On Time
283,210,6,1,6.63,0,0,On Time
284,1476,53,1,7.37,0,1,Late
285,835,24,1,9.23,0,1,Late
286,729,1,1,6.24,0,0,On Time
287,627,18,1,9.83,0,0,On Time
288,1757,47,1,7.53,0,0,On Time
289,326,14,1,7.97,0,0,On Time
290,1975,43,1,9.45,0,0,On Time
291,738,27,1,8.64,0,0,On Time
292,1329,19,1,9.11,0,0,On Time
293,1236,30,1,8.13,0,0,On Time
294,353,2,1,6.82,0,0,On Time
295,892,31,1,8.59,0,0,On Time
296,777,20,1,7.44,0,0,On Time
297,1786,46,1,7.57,0,0,On Time
298,355,17,1,7.66,0,0,On Time
299,64,12,1,8.41,0,0,On Time
300,592,8,1,8.9,0,1,Late
301,1461,22,1,7.99,0,0,On Time
302,650,1,1,8.37,0,0,On Time
303,1654,37,1,9.3,0,0,On Time
304,1764,44,1,10.33,0,0,On Time
305,1172,27,1,9.12,0,0,On Time
306,121,13,1,8.77,0,0,On Time
307,1716,52,1,8.81,0,1,Late
308,453,4,1,9.44,0,0,On Time
309,2051,43,1,8.77,0,0,On Time
310,646,4,1,7.74,0,1,Late
311,2004,46,1,7.24,0,0,On Time
312,1341,35,1,7.45,0,0,On Time
313,1887,49,1,8.0,0,0,On Time
314,760,35,1,6.62,0,0,On Time
315,841,25,1,7.1,0,0,On Time
316,1025,35,1,9.06,0,0,On Time
317,12,14,0,0.0,1,0,Absent
318,320,5,0,0.0,1,0,Absent
319,2015,37,1,6.46,0,0,On Time
320,678,12,1,8.87,0,0,On Time
321,1332,27,1,9.57,0,0,On Time
322,1186,34,1,9.35,0,0,On Time
323,437,1,1,7.57,0,0,On Time
324,1055,32,1,7.91,0,0,On Time
325,1006,31,1,10.17,0,0,On Time
326,2075,41,1,8.12,0,0,On Time
327,431,7,1,7.84,0,1,Late
328,1560,37,1,10.27,0,0,On Time
329,805,30,1,7.76,0,0,On Time
330,1605,43,1,9.26,0,1,Late
331,1106,31,1,7.67,0,0,On Time
332,1130,31,0,0.0,1,0,Absent
333,1413,35,1,8.03,0,0,On Time
334,1132,34,1,9.7,0,0,On Time
335,998,21,0,0.0,1,0,Absent
336,1099,33,1,8.18,0,0,On Time
337,1105,36,1,8.57,0,0,On Time
338,1969,43,1,7.83,0,0,On Time
339,1559,44,1,8.42,0,0,On Time
340,13,12,1,7.16,0,0,On Time
341,1887,47,1,8.81,0,1,Late
342,780,34,0,0.0,1,0,Absent
343,238,7,1,8.37,0,0,On Time
344,2166,45,1,8.48,0,0,On Time
345,1950,51,1,8.75,0,0,On Time
346,1451,21,1,8.66,0,0,On Time
347,1816,54,1,7.0,0,0,On Time
348,690,3,1,7.71,0,0,On Time
349,1379,27,1,6.31,0,0,On Time
350,216,13,1,9.15,0,0,On Time
351,433,6,1,7.84,0,0,On Time
352,1146,35,1,9.62,0,0,On Time
353,1816,39,1,8.84,0,0,On Time
354,1593,52,1,9.25,0,0,On Time
355,1693,40,1,8.14,0,0,On Time
356,1326,30,1,8.66,0,0,On Time
357,2034,39,1,7.41,0,0,On Time
358,1454,28,1,8.67,0,0,On Time
359,42,11,1,7.77,0,0,On Time
360,1905,49,0,0.0,1,0,Absent
361,592,3,1,8.92,0,0,On Time
362,1248,25,1,9.53,0,0,On Time
363,1967,43,1,9.07,0,0,On Time
364,61,5,1,9.04,0,0,On Time
365,1901,41,1,8.49,0,0,On Time
366,330,3,1,10.26,0,0,On Time
367,503,16,1,9.38,0,0,On Time
368,616,12,1,9.85,0,0,On Time
369,1285,28,1,8.19,0,0,On Time
370,973,28,1,7.02,0,0,On Time
371,1071,30,1,7.2,0,0,On Time
372,580,5,1,9.57,0,0,On Time
373,652,10,1,9.8,0,0,On Time
374,517,2,1,7.61,0,0,On Time
375,746,20,1,9.81,0,0,On Time
376,1600,43,1,8.78,0,0,On Time
377,1747,53,1,7.84,0,0,On Time
378,1346,19,1,6.99,0,0,On Time
379,324,15,1,10.09,0,1,Late
380,1385,34,0,0.0,1,0,Absent
381,1263,32,1,6.81,0,0,On Time
382,888,23,1,8.29,0,0,On Time
383,682,18,1,9.41,0,0,On Time
384,217,4,1,7.24,0,0,On Time
385,267,17,1,7.4,0,0,On Time
386,1007,30,1,8.71,0,0,On Time
387,108,8,1,9.38,0,0,On Time
388,134,9,1,8.29,0,0,On Time
389,132,9,1,8.52,0,0,On Time
390,1745,43,1,7.05,0,0,On Time
391,1783,39,1,7.64,0,0,On Time
392,1326,35,1,7.1,0,0,On Time
393,1585,54,1,8.24,0,0,On Time
394,2029,50,1,7.22,0,0,On Time
395,879,21,1,8.7,0,1,Late
396,2109,46,1,8.22,0,0,On Time
397,281,11,1,8.5,0,1,Late
398,287,17,1,7.55,0,0,On Time
399,1822,50,1,7.91,0,0,On Time
400,198,2,1,8.08,0,0,On Time
401,356,17,0,0.0,1,0,Absent
402,1048,32,1,6.38,0,0,On Time
403,1784,38,1,9.4,0,0,On Time
404,337,5,1,7.45,0,0,On Time
405,1685,45,1,8.05,0,0,On Time
406,317,13,1,7.76,0,0,On Time
407,108,5,1,10.03,0,1,Late
408,314,16,1,9.37,0,0,On Time
409,1168,33,1,9.48,0,0,On Time
410,364,14,1,7.39,0,0,On Time
411,1296,32,1,9.15,0,0,On Time
412,698,3,1,7.73,0,0,On Time
413,28,11,1,9.14,0,1,Late
414,1145,20,1,7.99,0,0,On Time
415,1955,40,1,7.84,0,0,On Time
416,645,8,1,8.32,0,0,On Time
417,432,12,1,9.83,0,0,On Time
418,1956,50,1,8.24,0,0,On Time
419,1373,24,1,8.33,0,0,On Time
420,1527,37,1,8.74,0,0,On Time
421,608,10,1,6.68,0,0,On Time
422,2070,39,1,7.88,0,0,On Time
423,1263,27,1,8.87,0,0,On Time
424,1843,42,1,8.07,0,0,On Time
425,1131,34,1,6.73,0,0,On Time
426,705,18,1,9.25,0,0,On Time
427,1341,35,1,6.88,0,0,On Time
428,1343,28,1,8.58,0,0,On Time
429,344,1,0,0.0,1,0,Absent
430,1121,20,1,7.33,0,0,On Time
431,1463,41,1,8.72,0,1,Late
432,1011,26,1,8.35,0,0,On Time
433,1227,33,1,6.51,0,0,On Time
434,531,5,1,9.35,0,0,On Time
435,2152,45,1,9.84,0,1,Late
436,2005,42,0,0.0,1,0,Absent
437,1205,30,1,6.58,0,0,On Time
438,1489,51,1,7.52,0,1,Late
439,1555,37,1,8.6,0,0,On Time
440,677,8,1,9.22,0,0,On Time
441,1268,19,1,6.37,0,0,On Time
442,1673,52,1,8.64,0,0,On Time
443,1322,22,1,8.15,0,0,On Time
444,1030,35,1,9.9,0,0,On Time
445,1970,54,1,9.38,0,0,On Time
446,595,6,1,7.4,0,0,On Time
447,451,18,1,8.64,0,0,On Time
448,779,35,1,7.74,0,0,On Time
449,1134,22,1,6.42,0,1,Late
450,251,1,1,8.06,0,0,On Time
451,1666,42,1,7.52,0,0,On Time
452,836,33,1,6.96,0,0,On Time
453,693,1,1,8.25,0,0,On Time
454,1863,52,1,7.72,0,0,On Time
455,482,7,1,9.25,0,0,On Time
456,2110,46,1,8.76,0,0,On Time
457,199,14,0,0.0,1,0,Absent
458,877,27,0,0.0,1,0,Absent
459,1726,45,1,9.82,0,0,On Time
460,439,6,1,7.62,0,0,On Time
461,630,16,1,6.07,0,0,On Time
462,286,2,1,7.47,0,0,On Time
463,302,3,1,9.64,0,1,Late
464,1198,27,0,0.0,1,0,Absent
465,462,7,1,8.4,0,0,On Time
466,942,34,1,8.12,0,1,Late
467,1010,20,1,6.57,0,0,On Time
468,868,28,1,9.11,0,0,On Time
469,1560,48,1,10.25,0,0,On Time
470,1483,54,1,7.02,0,0,On Time
471,1527,38,0,0.0,1,0,Absent
472,1745,42,1,8.34,0,0,On Time
473,991,21,1,6.48,0,0,On Time
474,188,7,1,9.25,0,0,On Time
475,1429,36,1,8.75,0,0,On Time
476,989,23,1,8.12,0,0,On Time
477,1808,46,1,7.55,0,0,On Time
478,2025,47,1,6.75,0,0,On Time
479,1460,35,1,8.09,0,0,On Time
480,1236,31,1,8.72,0,0,On Time
481,377,9,1,9.02,0,1,Late
482,1408,33,1,10.46,0,0,On Time
483,1094,21,1,8.15,0,0,On Time
484,1680,53,1,9.4,0,1,Late
485,1232,32,1,8.54,0,0,On Time
486,827,22,1,9.44,0,1,Late
487,581,2,1,10.47,0,0,On Time
488,2038,43,1,8.55,0,0,On Time
489,2062,44,0,0.0,1,0,Absent
490,124,7,1,8.38,0,0,On Time
491,323,3,1,8.54,0,0,On Time
492,1852,44,1,10.19,0,0,On Time
493,1834,45,1,10.2,0,1,Late
494,1478,52,1,7.08,0,0,On Time
495,1623,37,1,8.6,0,1,Late
496,230,16,0,0.0,1,0,Absent
497,103,5,1,8.93,0,0,On Time
498,102,9,1,7.41,0,0,On Time
499,451,11,1,7.51,0,0,On Time
500,410,6,1,7.29,0,0,On Time
501,1690,47,1,8.37,0,1,Late
502,1159,23,1,9.61,0,0,On Time
503,1401,24,1,8.6,0,0,On Time
504,922,23,1,8.85,0,0,On Time
505,805,30,1,7.88,0,0,On Time
506,290,15,1,8.51,0,0,On Time
507,1050,28,0,0.0,1,0,Absent
508,1249,29,1,10.44,0,0,On Time
509,1350,24,1,9.16,0,0,On Time
510,251,3,1,6.38,0,0,On Time
511,1222,23,1,6.52,0,0,On Time
512,861,30,1,6.45,0,0,On Time
513,494,1,1,8.13,0,0,On Time
514,1978,42,0,0.0,1,0,Absent
515,1792,45,1,9.2,0,0,On Time
516,2029,47,1,8.57,0,0,On Time
517,24,17,1,7.93,0,0,On Time
518,102,17,1,9.8,0,0,On Time
519,995,20,1,7.83,0,0,On Time
520,1032,26,1,6.76,0,0,On Time
521,1536,39,1,8.09,0,0,On Time
522,1264,28,1,8.22,0,0,On Time
523,1073,22,1,6.89,0,0,On Time
524,82,15,1,7.14,0,0,On Time
525,119,18,1,7.21,0,0,On Time
526,1400,24,1,6.87,0,0,On Time
527,1129,27,1,9.21,0,0,On Time
528,643,4,1,8.05,0,0,On Time
529,789,29,1,7.34,0,0,On Time
530,311,12,1,8.9,0,0,On Time
531,32,4,0,0.0,1,0,Absent
532,1120,26,1,9.81,0,0,On Time
533,800,20,1,8.06,0,0,On Time
534,912,24,1,8.75,0,0,On Time
535,1349,22,1,8.01,0,0,On Time
536,1349,19,1,6.71,0,0,On Time
537,1088,20,1,7.31,0,0,On Time
538,1061,34,1,6.43,0,0,On Time
539,1484,43,1,6.59,0,0,On Time
540,598,2,1,8.66,0,1,Late
541,1799,53,1,8.07,0,0,On Time
542,1032,33,1,7.71,0,0,On Time
543,1423,28,1,6.71,0,0,On Time
544,1955,45,0,0.0,1,0,Absent
545,2078,48,1,8.05,0,0,On Time
546,2137,50,1,9.23,0,0,On Time
547,580,14,1,8.03,0,0,On Time
548,1425,22,1,6.7,0,0,On Time
549,333,14,1,8.55,0,0,On Time
550,1682,43,0,0.0,1,0,Absent
551,1467,38,1,7.62,0,0,On Time
552,2005,46,1,10.67,0,0,On Time
553,1803,53,1,8.98,0,0,On Time
554,597,1,1,8.25,0,0,On Time
555,1811,38,1,7.38,0,0,On Time
556,1310,24,1,7.58,0,0,On Time
557,1347,20,1,8.13,0,0,On Time
558,1433,22,1,6.52,0,0,On Time
559,306,2,1,6.43,0,0,On Time
560,1523,44,1,8.69,0,0,On Time
561,1582,38,1,9.94,0,0,On Time
562,2083,47,0,0.0,1,0,Absent
563,160,16,1,8.4,0,0,On Time
564,436,7,1,8.88,0,0,On Time
565,1891,44,1,8.72,0,1,Late
566,1639,42,1,10.37,0,0,On Time
567,1288,31,1,8.33,0,0,On Time
568,1041,23,1,9.61,0,0,On Time
569,674,15,1,6.21,0,0,On Time
570,867,20,1,7.35,0,0,On Time
571,674,9,1,7.38,0,0,On Time
572,2043,52,1,9.34,0,0,On Time
573,971,22,1,6.9,0,1,Late
574,750,27,1,10.35,0,0,On Time
575,1058,19,1,8.49,0,0,On Time
576,1939,53,0,0.0,1,0,Absent
577,1421,29,1,10.36,0,0,On Time
578,426,16,0,0.0,1,0,Absent
579,1689,38,0,0.0,1,0,Absent
580,1397,31,1,9.5,0,0,On Time
581,622,4,1,10.35,0,0,On Time
582,224,7,1,10.01,0,0,On Time
583,170,3,0,0.0,1,0,Absent
584,1609,45,1,9.98,0,1,Late
585,1202,19,1,8.84,0,0,On Time
586,691,9,1,8.33,0,0,On Time
587,1013,32,1,8.87,0,0,On Time
588,2119,51,0,0.0,1,0,Absent
589,1249,32,1,7.14,0,0,On Time
590,1190,29,1,8.43,0,0,On Time
591,807,34,1,7.22,0,1,Late
592,1096,34,1,6.86,0,0,On Time
593,1012,31,1,7.02,0,0,On Time
594,556,2,1,9.97,0,0,On Time
595,442,8,1,7.75,0,0,On Time
596,1499,48,1,7.0,0,0,On Time
597,628,11,1,9.97,0,0,On Time
598,229,16,1,8.56,0,0,On Time
599,336,2,1,8.68,0,0,On Time
600,1155,31,1,6.87,0,0,On Time
601,1640,49,1,8.5,0,1,Late
602,377,14,1,8.06,0,0,On Time
603,1936,51,1,9.53,0,0,On Time
604,1262,24,1,6.97,0,0,On Time
605,938,31,1,8.51,0,0,On Time
606,936,33,1,8.55,0,0,On Time
607,726,13,1,6.65,0,1,Late
608,2145,45,1,7.58,0,0,On Time
609,1315,21,1,8.78,0,0,On Time
610,105,18,1,9.51,0,0,On Time
611,2106,38,1,9.6,0,0,On Time
612,613,6,1,7.77,0,0,On Time
613,396,16,1,10.34,0,0,On Time
614,2155,40,1,7.86,0,0,On Time
615,1932,39,1,7.11,0,0,On Time
616,1366,35,0,0.0,1,0,Absent
617,986,35,1,8.04,0,0,On Time
618,1692,38,1,7.26,0,0,On Time
619,2031,44,0,0.0,1,0,Absent
620,1847,38,1,8.43,0,0,On Time
621,138,13,1,7.93,0,0,On Time
622,1136,35,1,7.8,0,0,On Time
623,819,32,1,8.09,0,0,On Time
624,1364,30,1,7.45,0,0,On Time
625,2181,46,1,10.77,0,0,On Time
626,436,2,1,7.21,0,0,On Time
627,675,17,1,7.66,0,0,On Time
628,1235,32,1,8.48,0,0,On Time
629,843,23,1,6.73,0,0,On Time
630,329,8,1,7.72,0,1,Late
631,1307,36,0,0.0,1,0,Absent
632,1698,43,1,7.31,0,1,Late
633,2035,37,1,7.13,0,0,On Time
634,1369,25,1,8.71,0,0,On Time
635,1962,44,1,8.41,0,1,Late
636,851,19,1,8.13,0,0,On Time
637,1242,23,1,8.8,0,0,On Time
638,67,5,1,6.65,0,0,On Time
639,995,27,1,9.3,0,0,On Time
640,1678,43,1,9.76,0,0,On Time
641,87,2,1,8.28,0,0,On Time
642,655,2,1,10.37,0,1,Late
643,1314,23,0,0.0,1,0,Absent
644,1535,45,1,6.68,0,0,On Time
645,1520,54,1,8.01,0,0,On Time
646,1638,37,1,9.5,0,1,Late
647,2188,37,1,8.08,0,0,On Time
648,1064,20,1,6.96,0,0,On Time
649,2116,42,1,9.12,0,0,On Time
650,2102,52,1,9.1,0,0,On Time
651,457,13,1,9.58,0,0,On Time
652,322,1,1,8.15,0,0,On Time
653,51,3,1,7.04,0,0,On Time
654,1273,25,1,8.52,0,0,On Time
655,1135,27,1,8.39,0,1,Late
656,285,3,1,9.6,0,0,On Time
657,517,16,1,8.29,0,0,On Time
658,1819,39,1,7.25,0,0,On Time
659,1056,31,1,7.95,0,0,On Time
660,1584,50,1,8.47,0,0,On Time
661,1761,42,1,7.82,0,0,On Time
662,1559,44,1,7.47,0,0,On Time
663,537,3,1,7.93,0,0,On Time
664,783,29,1,6.79,0,1,Late
665,2082,46,1,7.31,0,1,Late
666,1115,23,1,7.74,0,0,On Time
667,1334,20,1,8.73,0,0,On Time
668,696,3,1,7.74,0,0,On Time
669,847,26,1,7.32,0,0,On Time
670,133,1,1,8.42,0,0,On Time
671,1343,31,1,8.74,0,0,On Time
672,656,10,1,9.61,0,0,On Time
673,535,17,1,8.36,0,0,On Time
674,2072,37,1,8.87,0,0,On Time
675,2127,42,1,8.72,0,1,Late
676,2045,48,1,9.23,0,0,On Time
677,34,7,1,6.74,0,0,On Time
678,1377,23,1,9.65,0,0,On Time
679,182,3,1,7.22,0,0,On Time
680,1102,33,1,9.36,0,1,Late
681,1164,34,1,8.01,0,0,On Time
682,109,7,1,7.9,0,0,On Time
683,496,13,1,9.94,0,0,On Time
684,1766,43,1,7.5,0,0,On Time
685,1102,36,1,7.54,0,0,On Time
686,2151,52,1,8.32,0,0,On Time
687,1325,29,1,6.87,0,0,On Time
688,857,35,1,9.91,0,0,On Time
689,456,18,1,8.39,0,0,On Time
690,1990,41,1,9.84,0,1,Late
691,913,23,1,6.46,0,0,On Time
692,807,35,0,0.0,1,0,Absent
693,900,34,1,7.74,0,0,On Time
694,1502,40,1,8.35,0,0,On Time
695,1105,31,1,6.79,0,0,On Time
696,59,6,1,8.83,0,0,On Time
697,1513,48,1,8.01,0,0,On Time
698,495,7,1,8.9,0,0,On Time
699,969,28,1,8.25,0,0,On Time
700,1765,42,1,8.52,0,0,On Time
701,839,27,1,8.13,0,0,On Time
702,1250,26,1,7.77,0,0,On Time
703,341,9,1,9.72,0,0,On Time
704,704,7,1,8.06,0,0,On Time
705,1740,49,1,6.77,0,0,On Time
706,1084,30,1,8.34,0,0,On Time
707,2087,38,1,7.85,0,0,On Time
708,241,17,1,7.88,0,1,Late
709,303,2,1,7.46,0,0,On Time
710,2028,41,1,7.61,0,0,On Time
711,588,2,1,8.89,0,0,On Time
712,69,8,1,7.47,0,0,On Time
713,1052,34,1,8.24,0,0,On Time
714,844,21,1,10.41,0,0,On Time
715,1067,34,1,6.92,0,0,On Time
716,635,4,1,9.58,0,0,On Time
717,289,13,1,8.1,0,0,On Time
718,2077,51,1,8.48,0,0,On Time
719,925,34,1,7.29,0,0,On Time
720,1581,52,0,0.0,1,0,Absent
721,998,33,1,9.91,0,0,On Time
722,296,6,1,8.91,0,0,On Time
723,454,4,1,10.36,0,0,On Time
724,1456,27,0,0.0,1,0,Absent
725,1293,22,1,7.79,0,0,On Time
726,100,2,1,8.24,0,0,On Time
727,1380,20,1,7.01,0,0,On Time
728,1282,36,1,7.98,0,0,On Time
729,1411,28,1,9.64,0,0,On Time
730,2131,45,1,9.51,0,0,On Time
731,1165,19,1,8.96,0,0,On Time
732,483,4,1,7.5,0,0,On Time
733,75,15,1,8.5,0,0,On Time
734,648,4,1,7.11,0,0,On Time
735,677,12,1,9.03,0,0,On Time
736,1046,29,1,7.45,0,1,Late
737,1808,43,1,6.49,0,0,On Time
738,8,14,1,7.92,0,1,Late
739,1645,50,1,6.77,0,0,On Time
740,1750,38,1,8.24,0,0,On Time
741,314,16,1,8.39,0,0,On Time
742,1364,34,0,0.0,1,0,Absent
743,925,24,1,7.37,0,1,Late
744,414,7,1,9.63,0,0,On Time
745,2138,39,1,8.13,0,0,On Time
746,132,2,1,7.37,0,0,On Time
747,920,30,1,8.98,0,0,On Time
748,1940,40,1,8.43,0,0,On Time
749,367,11,1,8.95,0,0,On Time
750,1684,52,1,9.31,0,0,On Time
751,946,26,1,8.71,0,0,On Time
752,649,1,1,7.59,0,1,Late
753,907,29,1,8.05,0,1,Late
754,1511,49,1,7.18,0,0,On Time
755,1042,24,1,10.19,0,0,On Time
756,647,11,0,0.0,1,0,Absent
757,1400,27,1,6.89,0,0,On Time
758,1389,34,1,8.76,0,0,On Time
759,864,21,0,0.0,1,0,Absent
760,1927,44,1,7.57,0,0,On Time
761,564,17,1,9.65,0,0,On Time
762,634,17,1,8.48,0,0,On Time
763,1990,43,1,8.37,0,0,On Time
764,1354,35,1,7.63,0,0,On Time
765,1044,22,1,8.25,0,0,On Time
766,1914,52,1,7.74,0,0,On Time
767,1609,50,1,8.17,0,0,On Time
768,1471,40,1,8.15,0,0,On Time
769,649,9,1,8.44,0,0,On Time
770,266,3,1,8.37,0,0,On Time
771,2000,38,1,7.52,0,0,On Time
772,1257,34,1,9.78,0,0,On Time
773,1844,39,1,7.9,0,1,Late
774,1546,46,1,7.94,0,0,On Time
775,1460,20,1,8.29,0,0,On Time
776,1675,50,1,10.04,0,0,On Time
777,442,13,1,6.77,0,0,On Time
778,494,1,1,7.48,0,0,On Time
779,1704,44,1,6.56,0,0,On Time
780,165,18,1,8.32,0,0,On Time
781,1127,30,1,7.97,0,0,On Time
782,1350,21,1,8.57,0,0,On Time
783,1510,46,1,8.82,0,0,On Time
784,857,32,1,8.52,0,0,On Time
785,1515,54,1,7.15,0,0,On Time
786,850,30,1,8.26,0,0,On Time
787,821,30,1,8.43,0,0,On Time
788,1948,52,1,8.15,0,0,On Time
789,320,14,1,8.22,0,0,On Time
790,16,4,1,6.8,0,0,On Time
791,356,17,1,7.58,0,0,On Time
792,1186,32,1,8.23,0,0,On Time
793,1032,30,1,7.12,0,0,On Time
794,291,2,1,9.34,0,0,On Time
795,501,13,1,6.95,0,0,On Time
796,1267,35,1,8.88,0,0,On Time
797,948,28,1,8.32,0,0,On Time
798,1269,36,1,8.23,0,0,On Time
799,451,7,1,7.08,0,0,On Time
800,351,1,1,9.03,0,1,Late
801,1376,20,1,8.85,0,0,On Time
802,2058,47,1,10.31,0,0,On Time
803,1322,20,0,0.0,1,0,Absent
804,1947,50,0,0.0,1,0,Absent
805,55,17,1,8.99,0,0,On Time
806,243,13,1,9.33,0,0,On Time
807,347,2,1,7.67,0,1,Late
808,1994,52,1,6.75,0,1,Late
809,615,18,1,7.18,0,0,On Time
810,578,18,1,7.99,0,0,On Time
811,518,2,1,7.23,0,0,On Time
812,1813,43,1,9.33,0,0,On Time
813,840,22,1,7.03,0,0,On Time
814,1113,29,1,7.79,0,0,On Time
815,1979,50,1,7.97,0,0,On Time
816,198,3,0,0.0,1,0,Absent
817,1900,46,1,7.3,0,0,On Time
818,2135,54,1,7.62,0,0,On Time
819,2018,43,1,8.13,0,0,On Time
820,1277,35,1,8.83,0,0,On Time
821,1647,52,1,7.56,0,1,Late
822,876,27,1,8.56,0,0,On Time
823,1034,23,1,7.46,0,0,On Time
824,2011,45,1,6.18,0,0,On Time
825,1003,23,1,7.98,0,0,On Time
826,482,7,1,8.76,0,0,On Time
827,1917,51,1,8.56,0,1,Late
828,362,11,1,9.03,0,0,On Time
829,1357,28,1,10.14,0,0,On Time
830,6,10,1,7.62,0,0,On Time
831,55,3,0,0.0,1,0,Absent
832,1658,44,1,8.75,0,0,On Time
833,746,35,1,7.89,0,0,On Time
834,1787,47,1,9.07,0,0,On Time
835,1717,45,1,8.81,0,0,On Time
836,574,9,1,8.91,0,0,On Time
837,1368,32,1,7.0,0,0,On Time
838,2165,38,1,8.14,0,0,On Time
839,31,2,1,7.09,0,0,On Time
840,13,15,1,8.63,0,1,Late
841,2083,37,1,6.88,0,0,On Time
842,1815,49,1,7.2,0,0,On Time
843,1763,38,1,7.77,0,0,On Time
844,805,33,1,8.43,0,0,On Time
845,585,4,1,8.23,0,0,On Time
846,806,27,1,7.95,0,0,On Time
847,425,16,1,7.99,0,0,On Time
848,1413,21,1,6.68,0,0,On Time
849,382,6,1,8.93,0,0,On Time
850,1609,43,1,9.63,0,1,Late
851,1676,52,1,8.16,0,0,On Time
852,1674,37,1,8.85,0,0,On Time
853,1131,31,1,8.02,0,0,On Time
854,2153,42,1,7.98,0,0,On Time
855,1684,50,1,7.83,0,0,On Time
856,676,2,1,9.8,0,0,On Time
857,596,3,1,7.6,0,0,On Time
858,1729,46,1,8.45,0,0,On Time
859,2162,46,1,7.52,0,0,On Time
860,1799,44,1,7.88,0,0,On Time
861,297,4,1,7.94,0,0,On Time
862,546,10,1,7.99,0,0,On Time
863,1736,46,1,9.06,0,0,On Time
864,1243,23,1,7.01,0,0,On Time
865,1919,47,1,8.46,0,0,On Time
866,1497,54,1,7.24,0,0,On Time
867,628,17,1,7.87,0,0,On Time
868,1614,52,1,7.59,0,1,Late
869,1990,39,1,7.17,0,0,On Time
870,1948,38,1,9.31,0,0,On Time
871,1353,31,1,7.42,0,0,On Time
872,198,17,1,6.94,0,0,On Time
873,2149,50,1,8.26,0,1,Late
874,601,8,1,7.28,0,0,On Time
875,356,15,1,9.28,0,0,On Time
876,1035,36,1,7.08,0,0,On Time
877,441,13,1,7.25,0,0,On Time
878,923,34,1,8.18,0,0,On Time
879,1345,23,0,0.0,1,0,Absent
880,16,1,0,0.0,1,0,Absent
881,1466,40,1,8.12,0,0,On Time
882,882,34,1,6.67,0,0,On Time
883,1341,23,1,8.61,0,0,On Time
884,1015,35,1,8.83,0,1,Late
885,1184,20,1,6.86,0,0,On Time
886,1675,44,1,8.69,0,0,On Time
887,1464,39,1,9.17,0,0,On Time
888,1859,47,1,8.16,0,0,On Time
889,141,13,1,7.48,0,0,On Time
890,234,6,1,10.33,0,0,On Time
891,1895,49,1,6.73,0,0,On Time
892,698,12,1,6.51,0,0,On Time
893,8,13,1,8.39,0,0,On Time
894,79,10,1,9.1,0,0,On Time
895,173,6,1,7.78,0,0,On Time
896,1072,32,1,9.28,0,0,On Time
897,896,35,1,8.72,0,0,On Time
898,1468,49,1,8.12,0,0,On Time
899,1358,30,1,10.4,0,0,On Time
900,49,15,1,8.57,0,0,On Time
901,703,17,1,8.86,0,0,On Time
902,1383,30,1,7.8,0,0,On Time
903,1801,53,1,7.39,0,0,On Time
904,1412,35,1,7.92,0,0,On Time
905,448,2,1,9.51,0,0,On Time
906,1563,40,1,7.56,0,0,On Time
907,1856,43,1,10.41,0,0,On Time
908,1159,20,1,8.67,0,0,On Time
909,1320,26,1,8.56,0,0,On Time
910,2141,49,1,9.4,0,0,On Time
911,21,5,1,7.96,0,1,Late
912,1719,53,1,6.39,0,0,On Time
913,1870,42,1,7.48,0,0,On Time
914,1237,36,1,6.11,0,0,On Time
915,1094,34,1,8.08,0,0,On Time
916,2143,37,1,6.86,0,0,On Time
917,472,3,1,6.78,0,0,On Time
918,1338,26,1,10.28,0,0,On Time
919,292,15,1,7.98,0,0,On Time
920,849,24,1,8.44,0,0,On Time
921,1258,26,1,6.75,0,0,On Time
922,1077,27,1,6.3,0,0,On Time
923,1747,38,1,7.4,0,1,Late
924,1480,46,1,9.08,0,0,On Time
925,1178,35,1,8.36,0,0,On Time
926,1394,26,1,9.18,0,0,On Time
927,257,16,1,8.37,0,0,On Time
928,710,16,1,6.74,0,0,On Time
929,1313,35,1,9.14,0,0,On Time
930,1088,27,1,7.13,0,0,On Time
931,1436,24,1,8.2,0,0,On Time
932,1850,50,0,0.0,1,0,Absent
933,991,27,1,8.32,0,0,On Time
934,1492,49,1,9.62,0,0,On Time
935,1079,35,1,9.05,0,0,On Time
936,1313,30,1,8.57,0,0,On Time
937,1795,46,1,7.31,0,1,Late
938,2120,51,1,9.51,0,0,On Time
939,490,2,1,7.12,0,0,On Time
940,871,26,1,9.97,0,0,On Time
941,224,9,0,0.0,1,0,Absent
942,685,4,1,6.94,0,0,On Time
943,117,12,1,9.02,0,0,On Time
944,1232,30,1,7.45,0,0,On Time
945,1507,39,1,7.74,0,0,On Time
946,827,31,1,10.6,0,0,On Time
947,988,24,1,8.18,0,1,Late
948,1017,28,1,10.01,0,1,Late
949,1004,35,1,9.02,0,0,On Time
950,2155,49,1,7.39,0,0,On Time
951,91,5,1,9.22,0,0,On Time
952,1557,45,1,8.1,0,0,On Time
953,809,20,1,7.15,0,0,On Time
954,1360,30,1,8.28,0,0,On Time
955,1752,41,1,7.02,0,1,Late
956,873,27,1,8.92,0,0,On Time
957,690,15,1,7.3,0,0,On Time
958,989,34,1,8.0,0,0,On Time
959,19,6,1,9.6,0,0,On Time
960,1334,34,1,8.69,0,0,On Time
961,2086,37,1,9.07,0,0,On Time
962,112,18,1,7.98,0,0,On Time
963,1238,28,1,6.43,0,0,On Time
964,1693,52,0,0.0,1,0,Absent
965,1454,25,1,8.14,0,0,On Time
966,859,32,1,8.07,0,0,On Time
967,66,2,1,8.44,0,1,Late
968,1400,21,1,8.84,0,0,On Time
969,519,10,1,7.67,0,0,On Time
970,1717,49,0,0.0,1,0,Absent
971,1572,46,1,8.98,0,0,On Time
972,1864,41,1,8.69,0,0,On Time
973,1722,52,1,6.51,0,0,On Time
974,1251,19,1,7.78,0,0,On Time
975,496,18,1,8.25,0,0,On Time
976,487,2,1,9.21,0,0,On Time
977,70,17,1,8.08,0,0,On Time
978,322,17,1,8.38,0,0,On Time
979,1434,22,1,6.6,0,1,Late
980,1961,45,1,8.01,0,0,On Time
981,1312,28,1,6.72,0,0,On Time
982,38,3,0,0.0,1,0,Absent
983,1065,26,1,7.67,0,0,On Time
984,1453,26,1,9.95,0,0,On Time
985,1826,46,1,10.64,0,0,On Time
986,1128,27,1,10.38,0,1,Late
987,1477,43,1,6.92,0,0,On Time
988,1802,41,1,9.75,0,1,Late
989,1139,28,1,7.3,0,0,On Time
990,131,14,1,8.9,0,0,On Time
991,1394,23,1,9.84,0,0,On Time
992,1881,38,1,7.44,0,0,On Time
993,735,35,1,8.19,0,0,On Time
994,69,4,1,7.64,0,1,Late
995,1754,44,1,7.2,0,0,On Time
996,1532,41,1,9.49,0,0,On Time
997,1745,50,1,8.83,0,0,On Time
998,354,4,1,6.55,0,0,On Time
999,1891,52,1,9.11,0,0,On Time
1000,928,20,1,7.95,0,0,On Time
1001,973,28,1,6.32,0,0,On Time
1002,186,5,1,7.88,0,0,On Time
1003,50,18,1,7.89,0,0,On Time
1004,784,35,1,7.85,0,0,On Time
1005,166,5,1,9.9,0,0,On Time
1006,1034,32,1,8.38,0,1,Late
1007,452,14,1,8.1,0,0,On Time
1008,921,34,1,6.89,0,0,On Time
1009,2126,48,1,7.96,0,1,Late
1010,1761,46,1,8.37,0,0,On Time
1011,1126,25,1,8.13,0,1,Late
1012,920,35,1,6.68,0,0,On Time
1013,656,2,1,8.2,0,0,On Time
1014,1418,34,1,8.33,0,0,On Time
1015,1940,51,1,7.92,0,1,Late
1016,1387,28,1,8.15,0,0,On Time
1017,1783,49,0,0.0,1,0,Absent
1018,860,23,1,7.91,0,0,On Time
1019,849,34,1,9.22,0,0,On Time
1020,1174,25,1,8.96,0,0,On Time
1021,257,18,1,9.7,0,0,On Time
1022,450,7,1,7.46,0,0,On Time
1023,1130,24,1,7.72,0,0,On Time
1024,619,2,1,8.22,0,0,On Time
1025,2015,51,1,7.93,0,0,On Time
1026,501,18,1,7.82,0,0,On Time
1027,1765,52,1,7.01,0,1,Late
1028,464,15,1,7.63,0,0,On Time
1029,1442,32,1,7.37,0,0,On Time
1030,482,14,1,9.04,0,0,On Time
1031,1460,25,1,8.19,0,0,On Time
1032,1769,52,1,7.86,0,0,On Time
1033,268,14,1,9.58,0,0,On Time
1034,1870,42,1,7.46,0,0,On Time
1035,2174,53,0,0.0,1,0,Absent
1036,51,5,0,0.0,1,0,Absent
1037,1071,31,1,8.41,0,0,On Time
1038,820,36,1,9.73,0,0,On Time
1039,1944,50,1,6.75,0,0,On Time
1040,1437,21,1,9.79,0,0,On Time
1041,142,7,1,7.39,0,0,On Time
1042,777,27,1,8.86,0,0,On Time
1043,808,33,1,7.91,0,0,On Time
1044,38,2,1,7.7,0,0,On Time
1045,25,5,1,10.31,0,0,On Time
1046,398,6,1,9.3,0,0,On Time
1047,428,9,1,7.43,0,0,On Time
1048,1362,20,1,7.15,0,0,On Time
1049,808,35,1,8.49,0,0,On Time
1050,517,18,1,8.7,0,0,On Time
1051,1616,38,1,7.94,0,1,Late
1052,888,24,1,9.31,0,0,On Time
1053,1793,52,1,10.48,0,0,On Time
1054,300,7,1,9.3,0,1,Late
1055,1174,27,1,8.18,0,0,On Time
1056,2187,41,1,8.7,0,0,On Time
1057,681,7,1,8.27,0,0,On Time
1058,579,5,0,0.0,1,0,Absent
1059,1559,41,1,8.29,0,0,On Time
1060,314,14,1,7.4,0,0,On Time
1061,1484,38,1,9.51,0,0,On Time
1062,1800,48,1,7.38,0,0,On Time
1063,1315,20,1,9.89,0,0,On Time
1064,1699,42,1,9.71,0,0,On Time
1065,1929,47,1,7.4,0,0,On Time
1066,104,9,1,9.53,0,0,On Time
1067,1408,20,1,7.31,0,1,Late
1068,2130,38,1,8.49,0,0,On Time
1069,1081,34,0,0.0,1,0,Absent
1070,302,7,1,8.02,0,0,On Time
1071,827,29,1,9.95,0,0,On Time
1072,342,13,1,8.27,0,0,On Time
1073,1876,50,1,7.59,0,0,On Time
1074,1105,32,1,9.09,0,0,On Time
1075,895,31,1,7.33,0,1,Late
1076,541,3,1,8.48,0,0,On Time
1077,835,22,1,7.02,0,0,On Time
1078,375,17,1,8.97,0,0,On Time
1079,1039,22,1,9.6,0,0,On Time
1080,1009,22,1,6.87,0,0,On Time
1081,661,17,1,10.47,0,0,On Time
1082,1463,47,1,8.48,0,0,On Time
1083,386,17,1,7.27,0,0,On Time
1084,1205,31,1,6.54,0,0,On Time
1085,639,16,1,7.76,0,0,On Time
1086,499,13,1,8.07,0,0,On Time
1087,399,4,1,10.29,0,0,On Time
1088,493,17,1,6.98,0,0,On Time
1089,269,11,1,7.02,0,0,On Time
1090,675,12,1,6.54,0,0,On Time
1091,602,17,1,7.42,0,0,On Time
1092,540,16,1,8.12,0,0,On Time
1093,1889,39,0,0.0,1,0,Absent
1094,1019,36,1,6.88,0,0,On Time
1095,1734,54,1,7.88,0,0,On Time
1096,1926,47,1,7.41,0,0,On Time
1097,320,8,1,8.21,0,0,On Time
1098,1856,42,1,7.98,0,1,Late
1099,2064,52,1,8.5,0,0,On Time
1100,620,18,1,9.37,0,0,On Time
1101,794,29,1,9.58,0,0,On Time
1102,2178,49,1,7.75,0,1,Late
1103,2086,44,1,7.55,0,0,On Time
1104,561,10,1,8.53,0,0,On Time
1105,2002,53,1,7.21,0,0,On Time
1106,1761,47,1,9.98,0,0,On Time
1107,786,20,1,7.67,0,0,On Time
1108,746,28,1,8.36,0,0,On Time
1109,1029,34,1,8.12,0,0,On Time
1110,2081,51,1,7.2,0,0,On Time
1111,1151,19,1,7.29,0,0,On Time
1112,801,33,1,9.81,0,0,On Time
1113,2089,41,0,0.0,1,0,Absent
1114,739,19,1,8.58,0,0,On Time
1115,716,6,1,7.75,0,0,On Time
1116,1201,19,1,8.86,0,0,On Time
1117,1633,43,1,8.57,0,0,On Time
1118,148,10,1,7.42,0,0,On Time
1119,1543,45,1,9.4,0,0,On Time
1120,1836,37,1,10.03,0,0,On Time
1121,1127,31,1,7.22,0,0,On Time
1122,1872,42,1,9.31,0,1,Late
1123,1118,30,1,7.94,0,0,On Time
1124,1124,21,1,7.69,0,0,On Time
1125,589,3,1,8.36,0,0,On Time
1126,1769,44,1,8.14,0,1,Late
1127,1108,23,1,7.59,0,0,On Time
1128,768,19,1,9.35,0,1,Late
1129,1600,40,1,7.45,0,0,On Time
1130,2082,47,1,8.35,0,0,On Time
1131,1966,42,1,6.47,0,0,On Time
1132,2152,40,1,7.05,0,0,On Time
1133,2161,38,1,8.24,0,0,On Time
1134,799,21,1,9.4,0,0,On Time
1135,173,18,1,8.61,0,0,On Time
1136,1587,46,1,8.82,0,0,On Time
1137,446,12,1,9.45,0,0,On Time
1138,1319,35,1,7.03,0,0,On Time
1139,1291,24,1,8.78,0,0,On Time
1140,1784,54,1,9.35,0,0,On Time
1141,2057,49,1,9.02,0,0,On Time
1142,1221,32,1,9.17,0,0,On Time
1143,1410,25,1,8.27,0,0,On Time
1144,149,10,1,7.09,0,0,On Time
1145,1545,52,1,7.93,0,0,On Time
1146,96,16,1,7.63,0,0,On Time
1147,890,35,1,8.65,0,0,On Time
1148,656,18,1,7.48,0,0,On Time
1149,119,11,0,0.0,1,0,Absent
1150,792,26,1,10.18,0,0,On Time
1151,1528,52,1,7.86,0,1,Late
1152,906,33,1,6.85,0,0,On Time
1153,2079,39,1,7.02,0,0,On Time
1154,741,22,1,9.48,0,0,On Time
1155,450,15,1,6.89,0,0,On Time
1156,1258,36,1,6.51,0,0,On Time
1157,373,18,1,7.24,0,1,Late
1158,2154,53,1,6.67,0,0,On Time
1159,1282,26,1,7.54,0,0,On Time
1160,961,34,1,8.6,0,0,On Time
1161,29,13,1,7.71,0,0,On Time
1162,292,16,0,0.0,1,0,Absent
1163,1290,36,0,0.0,1,0,Absent
1164,890,23,1,8.9,0,0,On Time
1165,572,4,1,7.75,0,0,On Time
1166,147,13,1,8.22,0,0,On Time
1167,1631,44,1,9.28,0,0,On Time
1168,459,7,1,8.17,0,1,Late
1169,173,7,1,8.22,0,1,Late
1170,32,9,1,7.18,0,0,On Time
1171,67,13,1,7.53,0,0,On Time
1172,1211,22,1,8.22,0,0,On Time
1173,1213,36,1,8.04,0,0,On Time
1174,1197,33,1,8.86,0,0,On Time
1175,529,5,1,9.36,0,0,On Time
1176,1156,30,1,7.62,0,0,On Time
1177,1790,44,1,6.93,0,0,On Time
1178,1457,26,1,8.26,0,0,On Time
1179,1580,51,1,10.57,0,0,On Time
1180,2096,52,0,0.0,1,0,Absent
1181,914,36,1,9.79,0,0,On Time
1182,684,4,1,7.72,0,0,On Time
1183,1301,28,0,0.0,1,0,Absent
1184,1073,36,1,9.19,0,0,On Time
1185,1310,28,1,8.5,0,0,On Time
1186,1931,51,1,8.18,0,0,On Time
1187,126,7,1,7.58,0,0,On Time
1188,1635,51,1,8.73,0,0,On Time
1189,1358,34,1,9.84,0,0,On Time
1190,1042,36,1,8.67,0,0,On Time
1191,2123,39,1,7.59,0,0,On Time
1192,1343,31,1,9.31,0,0,On Time
1193,159,6,1,10.53,0,0,On Time
1194,333,7,1,10.28,0,1,Late
1195,1612,47,1,9.76,0,0,On Time
1196,24,17,1,8.67,0,0,On Time
1197,601,13,1,8.45,0,0,On Time
1198,1365,25,1,7.19,0,0,On Time
1199,1396,20,1,9.34,0,0,On Time
1200,2108,50,1,7.75,0,0,On Time
1201,2054,41,1,8.86,0,0,On Time
1202,1341,32,1,7.66,0,0,On Time
1203,1556,53,1,8.99,0,0,On Time
1204,2015,54,1,7.2,0,0,On Time
1205,1039,20,1,9.71,0,0,On Time
1206,612,6,1,9.15,0,0,On Time
1207,1054,20,1,7.69,0,0,On Time
1208,441,3,1,8.19,0,0,On Time
1209,1199,23,1,6.9,0,0,On Time
1210,952,29,1,7.95,0,0,On Time
1211,1162,20,1,8.39,0,0,On Time
1212,1733,44,1,8.45,0,0,On Time
1213,1675,49,1,7.66,0,0,On Time
1214,538,5,1,7.73,0,0,On Time
1215,1545,44,0,0.0,1,0,Absent
1216,1613,46,1,9.18,0,0,On Time
1217,2045,49,1,8.34,0,0,On Time
1218,1327,24,1,7.95,0,0,On Time
1219,1132,22,1,8.48,0,0,On Time
1220,1626,42,1,7.26,0,1,Late
1221,116,4,1,10.51,0,0,On Time
1222,912,36,1,7.31,0,0,On Time
1223,1062,20,1,8.12,0,0,On Time
1224,447,3,1,6.45,0,0,On Time
1225,749,30,1,7.91,0,0,On Time
1226,1377,24,1,9.7,0,0,On Time
1227,1013,21,1,7.47,0,0,On Time
1228,1242,28,1,9.36,0,0,On Time
1229,2164,48,1,7.42,0,0,On Time
1230,1744,51,1,10.27,0,0,On Time
1231,1803,46,1,8.98,0,0,On Time
1232,133,8,1,8.45,0,0,On Time
1233,2111,42,1,8.86,0,1,Late
1234,964,33,1,7.65,0,0,On Time
1235,470,2,1,8.86,0,1,Late
1236,450,17,1,8.32,0,0,On Time
1237,82,8,1,8.56,0,0,On Time
1238,2158,50,0,0.0,1,0,Absent
1239,2094,44,1,8.66,0,0,On Time
1240,1088,27,1,9.23,0,0,On Time
1241,1339,21,1,8.28,0,0,On Time
1242,77,17,1,8.0,0,0,On Time
1243,851,27,1,9.6,0,0,On Time
1244,1827,50,1,9.05,0,0,On Time
1245,378,14,1,8.78,0,0,On Time
1246,518,5,1,10.69,0,1,Late
1247,46,18,1,7.58,0,0,On Time
1248,1505,52,1,7.93,0,0,On Time
1249,1478,37,1,8.01,0,0,On Time
1250,1975,39,1,9.81,0,0,On Time
1251,1543,46,1,8.36,0,1,Late
1252,1257,21,1,7.96,0,1,Late
1253,2152,49,1,7.01,0,0,On Time
1254,256,6,1,10.7,0,0,On Time
1255,2185,41,1,8.85,0,0,On Time
1256,1226,30,1,7.54,0,0,On Time
1257,1525,52,1,7.39,0,1,Late
1258,787,25,1,8.75,0,0,On Time
1259,806,27,1,6.62,0,0,On Time
1260,1365,22,1,7.97,0,0,On Time
1261,321,13,1,8.32,0,0,On Time
1262,1574,42,1,7.75,0,0,On Time
1263,1257,23,1,7.42,0,0,On Time
1264,1941,52,1,7.02,0,0,On Time
1265,1657,48,1,8.24,0,0,On Time
1266,517,16,1,8.08,0,0,On Time
1267,464,10,1,7.85,0,0,On Time
1268,991,29,1,7.81,0,0,On Time
1269,10,7,1,9.16,0,0,On Time
1270,511,7,1,9.03,0,0,On Time
1271,62,1,1,8.47,0,0,On Time
1272,1659,53,1,9.36,0,0,On Time
1273,1493,52,1,8.45,0,0,On Time
1274,57,12,1,7.98,0,0,On Time
1275,595,3,1,9.37,0,0,On Time
1276,294,16,1,8.26,0,0,On Time
1277,1584,50,1,9.39,0,0,On Time
1278,906,29,1,10.18,0,0,On Time
1279,615,14,1,9.17,0,0,On Time
1280,613,14,1,8.72,0,0,On Time
1281,2105,48,1,7.72,0,0,On Time
1282,295,17,0,0.0,1,0,Absent
1283,1060,28,1,9.06,0,0,On Time
1284,429,17,1,7.3,0,1,Late
1285,847,32,1,10.11,0,0,On Time
1286,1904,42,1,8.36,0,0,On Time
1287,440,3,1,10.42,0,0,On Time
1288,299,3,1,9.17,0,0,On Time
1289,1322,33,1,8.53,0,0,On Time
1290,2168,54,1,8.72,0,0,On Time
1291,1733,52,0,0.0,1,0,Absent
1292,1841,42,1,7.05,0,0,On Time
1293,555,8,1,8.07,0,0,On Time
1294,1197,26,1,9.02,0,0,On Time
1295,770,27,1,9.02,0,0,On Time
1296,382,1,1,9.38,0,0,On Time
1297,1485,52,1,7.73,0,0,On Time
1298,1520,52,1,9.55,0,0,On Time
1299,2034,39,1,9.89,0,1,Late
1300,1329,24,1,7.5,0,0,On Time
1301,1939,53,1,7.32,0,0,On Time
1302,1022,21,1,6.87,0,0,On Time
1303,1347,31,1,7.31,0,0,On Time
1304,26,7,1,8.85,0,0,On Time
1305,261,16,1,9.4,0,0,On Time
1306,1599,41,1,6.75,0,0,On Time
1307,1675,38,1,9.48,0,0,On Time
1308,1075,30,1,7.72,0,0,On Time
1309,17,3,1,7.51,0,0,On Time
1310,1953,50,1,6.8,0,0,On Time
1311,1162,30,1,8.67,0,0,On Time
1312,1258,32,1,7.2,0,0,On Time
1313,71,13,0,0.0,1,0,Absent
1314,496,15,1,7.98,0,0,On Time
1315,2115,44,0,0.0,1,0,Absent
1316,196,5,1,8.7,0,0,On Time
1317,824,28,1,7.15,0,0,On Time
1318,288,7,1,8.12,0,0,On Time
1319,229,6,1,7.98,0,0,On Time
1320,543,17,0,0.0,1,0,Absent
1321,626,1,1,7.56,0,0,On Time
1322,483,6,1,8.3,0,0,On Time
1323,1146,23,1,9.8,0,0,On Time
1324,570,5,1,8.69,0,0,On Time
1325,663,7,1,7.52,0,1,Late
1326,1203,19,1,7.35,0,1,Late
1327,1361,35,1,8.98,0,0,On Time
1328,1434,23,1,8.59,0,0,On Time
1329,1405,19,1,9.35,0,0,On Time
1330,2150,46,1,8.26,0,0,On Time
1331,2134,37,1,9.39,0,0,On Time
1332,119,16,0,0.0,1,0,Absent
1333,748,27,0,0.0,1,0,Absent
1334,1629,47,1,7.7,0,0,On Time
1335,1262,26,1,6.98,0,0,On Time
1336,1103,33,1,8.63,0,0,On Time
1337,2101,49,1,8.21,0,1,Late
1338,972,33,0,0.0,1,0,Absent
1339,1385,21,1,7.02,0,0,On Time
1340,1164,28,1,7.69,0,0,On Time
1341,412,4,0,0.0,1,0,Absent
1342,2029,45,1,7.55,0,0,On Time
1343,1265,28,1,9.67,0,0,On Time
1344,2109,47,1,9.44,0,0,On Time
1345,123,18,1,7.01,0,0,On Time
1346,902,32,1,7.35,0,0,On Time
1347,1842,39,1,8.23,0,0,On Time
1348,441,14,0,0.0,1,0,Absent
1349,1399,27,1,8.93,0,0,On Time
1350,2075,39,1,7.9,0,0,On Time
1351,565,1,1,10.32,0,0,On Time
1352,441,13,1,9.73,0,0,On Time
1353,1406,27,1,8.81,0,0,On Time
1354,1369,27,1,9.62,0,0,On Time
1355,2141,44,1,8.33,0,0,On Time
1356,183,18,1,7.04,0,0,On Time
1357,1301,23,1,7.28,0,0,On Time
1358,606,10,1,6.95,0,0,On Time
1359,1045,23,1,7.38,0,0,On Time
1360,1009,36,1,9.54,0,0,On Time
1361,1327,34,1,10.54,0,1,Late
1362,425,16,1,6.89,0,0,On Time
1363,51,14,1,10.01,0,0,On Time
1364,2130,43,1,8.05,0,0,On Time
1365,1376,19,1,9.73,0,0,On Time
1366,1761,44,1,8.03,0,0,On Time
1367,1382,34,1,7.29,0,0,On Time
1368,2081,41,1,7.24,0,0,On Time
1369,123,7,1,8.59,0,0,On Time
1370,1178,25,1,9.62,0,0,On Time
1371,334,12,1,10.1,0,1,Late
1372,1932,54,1,7.14,0,0,On Time
1373,1195,26,1,10.09,0,0,On Time
1374,1233,36,1,6.98,0,1,Late
1375,1342,30,1,7.58,0,0,On Time
1376,1292,27,1,7.96,0,1,Late
1377,1547,41,1,6.91,0,1,Late
1378,1210,23,1,8.53,0,0,On Time
1379,343,11,1,8.31,0,0,On Time
1380,1059,36,1,6.75,0,0,On Time
1381,1234,34,1,9.94,0,0,On Time
1382,996,29,1,7.06,0,0,On Time
1383,1154,32,1,7.76,0,0,On Time
1384,2146,41,1,8.9,0,0,On Time
1385,1304,23,0,0.0,1,0,Absent
1386,1362,25,1,6.46,0,0,On Time
1387,79,17,1,7.76,0,1,Late
1388,1643,46,1,6.75,0,1,Late
1389,536,15,1,9.07,0,0,On Time
1390,1684,44,1,8.82,0,0,On Time
1391,721,12,1,9.2,0,0,On Time
1392,641,13,1,7.8,0,0,On Time
1393,1061,30,1,10.34,0,0,On Time
1394,1061,29,0,0.0,1,0,Absent
1395,975,26,1,9.59,0,0,On Time
1396,2043,47,0,0.0,1,0,Absent
1397,1469,38,1,9.82,0,0,On Time
1398,1057,30,1,10.06,0,0,On Time
1399,1466,51,1,7.19,0,0,On Time
1400,324,17,1,9.1,0,0,On Time
1401,1229,36,1,9.78,0,0,On Time
1402,102,15,1,9.59,0,0,On Time
1403,1385,28,1,7.92,0,0,On Time
1404,1460,31,1,7.6,0,0,On Time
1405,1148,35,1,8.98,0,0,On Time
1406,210,8,1,8.63,0,0,On Time
1407,1821,51,1,9.16,0,1,Late
1408,1804,45,1,9.55,0,0,On Time
1409,544,18,1,7.08,0,0,On Time
1410,314,16,1,10.08,0,0,On Time
1411,572,13,1,10.57,0,1,Late
1412,1817,44,1,9.51,0,0,On Time
1413,389,16,1,8.83,0,0,On Time
1414,194,17,1,7.95,0,0,On Time
1415,937,31,1,10.05,0,0,On Time
1416,625,10,1,7.83,0,1,Late
1417,2022,38,1,8.57,0,0,On Time
1418,2076,40,1,8.29,0,0,On Time
1419,1276,33,1,7.46,0,0,On Time
1420,2128,37,1,9.13,0,1,Late
1421,1006,28,1,8.46,0,1,Late
1422,1564,37,1,9.38,0,0,On Time
1423,1212,22,1,9.38,0,0,On Time
1424,775,22,1,9.01,0,1,Late
1425,676,9,1,9.14,0,0,On Time
1426,1157,22,1,9.26,0,0,On Time
1427,978,34,1,6.43,0,1,Late
1428,65,4,1,8.97,0,0,On Time
1429,828,22,1,8.47,0,0,On Time
1430,1017,23,1,7.61,0,1,Late
1431,2175,50,1,8.36,0,0,On Time
1432,2046,50,0,0.0,1,0,Absent
1433,141,8,1,6.82,0,0,On Time
1434,54,13,1,7.93,0,0,On Time
1435,528,5,1,6.81,0,0,On Time
1436,116,1,1,9.23,0,0,On Time
1437,1529,45,1,6.99,0,0,On Time
1438,481,3,1,9.18,0,0,On Time
1439,2111,43,1,7.71,0,1,Late
1440,955,28,1,6.96,0,0,On Time
1441,1979,37,1,7.13,0,0,On Time
1442,882,25,1,6.78,0,0,On Time
1443,1621,44,1,6.56,0,0,On Time
1444,1832,38,1,8.92,0,0,On Time
1445,1519,44,1,8.12,0,0,On Time
1446,988,32,1,8.22,0,0,On Time
1447,907,25,1,7.02,0,0,On Time
1448,269,14,1,7.12,0,0,On Time
1449,1051,22,1,7.65,0,0,On Time
1450,984,30,1,8.87,0,0,On Time
1451,2156,52,1,9.95,0,1,Late
1452,759,29,1,7.16,0,0,On Time
1453,792,32,1,7.03,0,1,Late
1454,410,11,1,8.52,0,0,On Time
1455,1970,37,1,6.85,0,0,On Time
1456,1133,25,1,6.53,0,0,On Time
1457,453,14,1,9.2,0,0,On Time
1458,327,8,0,0.0,1,0,Absent
1459,1700,46,1,9.4,0,0,On Time
1460,1929,50,1,6.99,0,0,On Time
1461,217,12,1,7.07,0,0,On Time
1462,1076,27,1,8.69,0,0,On Time
1463,142,14,1,7.29,0,0,On Time
1464,1991,51,1,8.5,0,0,On Time
1465,1413,25,0,0.0,1,0,Absent
1466,397,4,1,7.55,0,0,On Time
1467,423,11,1,9.77,0,0,On Time
1468,1663,47,1,8.91,0,0,On Time
1469,467,4,1,8.96,0,0,On Time
1470,395,11,1,8.17,0,0,On Time
1471,1023,21,1,9.73,0,0,On Time
1472,2105,49,1,9.56,0,0,On Time
1473,513,2,1,9.63,0,0,On Time
1474,478,15,1,8.71,0,0,On Time
1475,1103,28,1,6.8,0,0,On Time
1476,942,32,0,0.0,1,0,Absent
1477,294,13,1,7.58,0,0,On Time
1478,1965,44,1,9.83,0,0,On Time
1479,382,17,1,9.46,0,0,On Time
1480,738,33,1,7.81,0,0,On Time
1481,1539,51,1,8.72,0,0,On Time
1482,310,14,1,6.58,0,0,On Time
1483,2103,41,1,9.49,0,0,On Time
1484,440,13,1,8.63,0,0,On Time
1485,1669,42,1,6.17,0,0,On Time
1486,2122,39,1,10.13,0,0,On Time
1487,293,3,1,9.98,0,0,On Time
1488,457,16,1,7.8,0,0,On Time
1489,2115,54,1,8.47,0,0,On Time
1490,1494,54,0,0.0,1,0,Absent
1491,669,18,1,7.53,0,0,On Time
1492,1256,25,1,8.28,0,0,On Time
1493,586,7,1,8.1,0,0,On Time
1494,928,23,1,8.74,0,0,On Time
1495,2076,44,1,7.63,0,1,Late
1496,456,7,1,9.63,0,0,On Time
1497,1168,23,1,9.2,0,0,On Time
1498,1076,31,1,8.9,0,0,On Time
1499,551,9,1,10.49,0,0,On Time
1500,298,6,1,6.42,0,0,On Time
1501,488,11,1,8.42,0,0,On Time
1502,1384,30,1,9.99,0,0,On Time
1503,497,6,1,8.06,0,0,On Time
1504,1798,52,1,9.6,0,1,Late
1505,2087,52,1,7.59,0,0,On Time
1506,607,7,1,6.88,0,0,On Time
1507,1897,53,1,9.64,0,0,On Time
1508,1199,27,1,7.88,0,0,On Time
1509,786,26,1,8.37,0,0,On Time
1510,2024,45,1,8.83,0,0,On Time
1511,1284,31,0,0.0,1,0,Absent
1512,1531,38,1,7.17,0,0,On Time
1513,1180,22,1,7.98,0,0,On Time
1514,1439,20,1,8.83,0,0,On Time
1515,495,6,1,10.12,0,0,On Time
1516,1300,20,1,10.4,0,0,On Time
1517,130,14,1,7.17,0,1,Late
1518,801,23,1,8.16,0,0,On Time
1519,1205,23,1,8.8,0,0,On Time
1520,894,19,1,8.04,0,0,On Time
1521,1089,22,1,9.18,0,0,On Time
1522,343,11,1,9.07,0,0,On Time
1523,1329,28,0,0.0,1,0,Absent
1524,1318,31,1,9.0,0,0,On Time
1525,806,31,1,7.32,0,1,Late
1526,1664,42,1,7.83,0,0,On Time
1527,233,4,1,7.15,0,0,On Time
1528,1891,43,1,7.49,0,0,On Time
1529,2101,54,1,8.33,0,0,On Time
1530,1027,31,0,0.0,1,0,Absent
1531,734,33,1,9.77,0,0,On Time
1532,1071,33,1,9.75,0,0,On Time
1533,2155,47,1,8.19,0,1,Late
1534,707,16,1,9.07,0,0,On Time
1535,2065,42,1,8.87,0,0,On Time
1536,293,2,1,8.38,0,0,On Time
1537,2191,46,1,8.45,0,0,On Time
1538,1495,54,1,6.41,0,0,On Time
1539,839,21,0,0.0,1,0,Absent
1540,1294,31,1,9.37,0,1,Late
1541,1174,33,1,8.05,0,0,On Time
1542,942,33,1,8.12,0,0,On Time
1543,1201,25,1,8.65,0,0,On Time
1544,450,4,1,7.94,0,0,On Time
1545,1893,47,1,9.04,0,1,Late
1546,1218,23,1,8.0,0,0,On Time
1547,1316,31,1,9.97,0,0,On Time
1548,2153,43,0,0.0,1,0,Absent
1549,930,36,1,8.67,0,0,On Time
1550,554,13,1,9.35,0,0,On Time
1551,2096,50,1,7.36,0,0,On Time
1552,130,7,1,7.1,0,0,On Time
1553,823,19,1,9.81,0,0,On Time
1554,272,1,1,7.73,0,0,On Time
1555,1672,39,1,8.53,0,0,On Time
1556,378,6,0,0.0,1,0,Absent
1557,1042,31,1,10.16,0,0,On Time
1558,1713,45,1,7.93,0,1,Late
1559,1239,23,1,9.34,0,1,Late
1560,1971,54,1,8.04,0,0,On Time
1561,696,14,1,8.36,0,0,On Time
1562,2154,54,1,8.74,0,0,On Time
1563,1290,35,1,6.89,0,0,On Time
1564,2125,49,1,8.34,0,0,On Time
1565,2039,47,1,8.76,0,0,On Time
1566,695,13,1,6.92,0,0,On Time
1567,254,3,1,7.94,0,0,On Time
1568,1235,31,1,9.1,0,0,On Time
1569,250,8,1,8.13,0,0,On Time
1570,1979,37,1,6.32,0,0,On Time
1571,1285,26,1,9.07,0,0,On Time
1572,1274,22,1,6.72,0,0,On Time
1573,1906,52,1,9.91,0,0,On Time
1574,2044,39,1,7.47,0,1,Late
1575,1825,47,1,9.58,0,0,On Time
1576,443,14,1,8.28,0,0,On Time
1577,321,8,1,7.12,0,0,On Time
1578,1379,22,1,9.42,0,0,On Time
1579,1540,39,1,8.56,0,0,On Time
1580,160,17,1,8.16,0,0,On Time
1581,1479,38,1,8.4,0,0,On Time
1582,821,33,1,9.23,0,0,On Time
1583,675,18,1,9.58,0,0,On Time
1584,1184,36,1,8.78,0,0,On Time
1585,295,2,1,9.29,0,0,On Time
1586,1154,36,1,8.64,0,1,Late
1587,735,26,1,8.9,0,0,On Time
1588,1735,38,1,8.05,0,0,On Time
1589,1620,42,1,8.24,0,0,On Time
1590,1855,42,1,8.74,0,0,On Time
1591,700,14,1,9.11,0,0,On Time
1592,197,1,1,7.25,0,0,On Time
1593,1997,52,1,7.32,0,1,Late
1594,1436,36,1,7.72,0,0,On Time
1595,1343,27,1,7.32,0,0,On Time
1596,1733,46,1,8.28,0,0,On Time
1597,1428,25,1,9.26,0,0,On Time
1598,787,29,1,6.54,0,0,On Time
1599,826,34,1,9.34,0,0,On Time
1600,1784,42,1,8.08,0,0,On Time
1601,1147,30,1,7.43,0,0,On Time
1602,118,17,1,7.54,0,0,On Time
1603,1641,48,1,7.41,0,0,On Time
1604,94,16,1,9.16,0,0,On Time
1605,1190,31,1,8.72,0,0,On Time
1606,1103,35,1,7.12,0,0,On Time
1607,554,16,1,7.76,0,0,On Time
1608,236,11,1,10.36,0,0,On Time
1609,474,3,1,7.07,0,0,On Time
1610,1912,42,1,8.26,0,0,On Time
1611,1331,22,1,7.82,0,0,On Time
1612,994,34,1,8.93,0,0,On Time
1613,59,14,1,9.54,0,0,On Time
1614,11,2,1,10.15,0,0,On Time
1615,264,8,1,9.41,0,0,On Time
1616,973,29,1,7.57,0,0,On Time
1617,1121,20,1,8.95,0,1,Late
1618,407,10,1,7.61,0,0,On Time
1619,1558,50,0,0.0,1,0,Absent
1620,1875,48,1,8.34,0,1,Late
1621,1212,26,0,0.0,1,0,Absent
1622,1079,32,1,8.11,0,0,On Time
1623,327,12,1,7.97,0,0,On Time
1624,1617,37,1,9.13,0,0,On Time
1625,976,26,1,9.26,0,0,On Time
1626,522,14,1,7.31,0,0,On Time
1627,1839,54,1,8.73,0,1,Late
1628,1193,31,1,8.08,0,0,On Time
1629,1254,33,1,9.89,0,0,On Time
1630,1430,28,1,7.89,0,0,On Time
1631,1351,35,1,7.84,0,0,On Time
1632,64,4,1,8.53,0,0,On Time
1633,532,16,1,6.39,0,0,On Time
1634,1081,19,1,7.5,0,1,Late
1635,615,6,1,8.95,0,0,On Time
1636,1242,22,1,7.8,0,1,Late
1637,1095,21,1,8.31,0,0,On Time
1638,2093,40,1,9.61,0,0,On Time
1639,277,2,1,7.36,0,0,On Time
1640,1100,32,1,8.1,0,0,On Time
1641,2190,47,1,8.8,0,0,On Time
1642,573,14,1,7.73,0,0,On Time
1643,1916,47,1,8.22,0,0,On Time
1644,1142,32,1,7.22,0,0,On Time
1645,210,16,0,0.0,1,0,Absent
1646,1936,46,1,8.43,0,0,On Time
1647,459,3,1,7.42,0,0,On Time
1648,813,28,1,6.86,0,0,On Time
1649,1321,26,1,7.68,0,0,On Time
1650,1750,41,1,9.51,0,0,On Time
1651,505,3,1,7.78,0,0,On Time
1652,1280,34,1,8.58,0,0,On Time
1653,616,12,1,8.78,0,0,On Time
1654,223,6,1,7.8,0,0,On Time
1655,301,17,1,9.09,0,0,On Time
1656,188,13,1,6.38,0,0,On Time
1657,4,13,1,9.19,0,0,On Time
1658,82,1,1,8.32,0,0,On Time
1659,131,9,1,8.46,0,0,On Time
1660,481,13,1,8.01,0,0,On Time
1661,813,22,1,8.39,0,0,On Time
1662,1860,41,0,0.0,1,0,Absent
1663,1994,40,1,10.19,0,0,On Time
1664,366,17,1,8.3,0,1,Late
1665,1470,46,1,8.62,0,1,Late
1666,1787,42,1,8.35,0,1,Late
1667,1087,25,1,6.51,0,0,On Time
1668,98,7,1,9.44,0,0,On Time
1669,754,24,1,9.32,0,0,On Time
1670,523,16,1,7.34,0,0,On Time
1671,1429,22,1,9.78,0,0,On Time
1672,797,28,1,8.11,0,0,On Time
1673,443,6,1,8.42,0,0,On Time
1674,1308,33,1,6.94,0,0,On Time
1675,1020,28,1,10.57,0,0,On Time
1676,765,25,1,8.12,0,0,On Time
1677,1519,51,1,8.38,0,0,On Time
1678,844,34,1,7.08,0,0,On Time
1679,1831,46,1,9.26,0,0,On Time
1680,1105,20,1,8.05,0,0,On Time
1681,462,17,1,8.47,0,0,On Time
1682,389,2,1,9.09,0,0,On Time
1683,2036,51,1,8.56,0,0,On Time
1684,1447,33,1,9.71,0,0,On Time
1685,868,20,1,9.85,0,0,On Time
1686,629,13,1,7.15,0,0,On Time
1687,1212,33,1,8.57,0,0,On Time
1688,1530,43,1,9.89,0,1,Late
1689,1352,28,1,7.95,0,0,On Time
1690,2005,51,1,8.67,0,0,On Time
1691,449,14,1,8.76,0,0,On Time
1692,624,12,1,8.93,0,0,On Time
1693,1823,47,1,9.37,0,0,On Time
1694,1429,32,0,0.0,1,0,Absent
1695,818,31,1,6.92,0,0,On Time
1696,737,34,1,7.07,0,0,On Time
1697,581,15,1,7.96,0,1,Late
1698,867,35,1,7.77,0,0,On Time
1699,1306,24,1,8.62,0,0,On Time
1700,475,1,1,8.36,0,0,On Time
1701,882,30,1,9.68,0,0,On Time
1702,1322,34,1,8.42,0,0,On Time
1703,2188,43,1,9.46,0,1,Late
1704,1833,43,1,9.09,0,0,On Time
1705,1670,44,1,6.65,0,0,On Time
1706,1831,49,1,9.1,0,0,On Time
1707,794,35,1,6.53,0,0,On Time
1708,162,12,1,7.82,0,0,On Time
1709,960,22,1,8.45,0,0,On Time
1710,645,4,1,9.38,0,1,Late
1711,1510,52,1,7.23,0,1,Late
1712,1419,36,1,9.2,0,0,On Time
1713,297,1,1,7.9,0,0,On Time
1714,1301,28,0,0.0,1,0,Absent
1715,104,18,1,8.93,0,0,On Time
1716,1784,39,0,0.0,1,0,Absent
1717,1831,52,1,7.96,0,0,On Time
1718,1188,30,1,7.24,0,0,On Time
1719,1144,29,1,8.29,0,0,On Time
1720,483,14,1,9.07,0,0,On Time
1721,146,14,1,9.53,0,0,On Time
1722,1473,46,1,8.45,0,0,On Time
1723,1121,22,1,7.96,0,0,On Time
1724,1363,21,1,9.35,0,0,On Time
1725,208,11,1,8.78,0,0,On Time
1726,2118,42,1,8.69,0,0,On Time
1727,1725,37,0,0.0,1,0,Absent
1728,1437,28,1,10.48,0,0,On Time
1729,84,8,1,7.62,0,0,On Time
1730,681,11,1,9.04,0,0,On Time
1731,1791,51,1,9.6,0,0,On Time
1732,1595,41,1,6.23,0,0,On Time
1733,1225,32,1,8.14,0,0,On Time
1734,725,4,1,6.3,0,0,On Time
1735,1206,24,1,7.68,0,0,On Time
1736,450,16,1,10.14,0,0,On Time
1737,1079,36,1,9.16,0,0,On Time
1738,332,4,1,8.21,0,1,Late
1739,1533,47,1,9.78,0,0,On Time
1740,1091,35,1,6.51,0,0,On Time
1741,1557,54,1,7.85,0,0,On Time
1742,1536,49,1,6.38,0,0,On Time
1743,447,6,1,7.05,0,0,On Time
1744,1572,49,1,9.01,0,0,On Time
1745,1959,43,1,9.79,0,0,On Time
1746,2067,49,1,9.78,0,0,On Time
1747,801,36,1,7.07,0,0,On Time
1748,1950,49,1,7.02,0,0,On Time
1749,615,3,1,7.17,0,0,On Time
1750,2151,47,1,9.78,0,0,On Time
1751,2074,37,1,8.15,0,0,On Time
1752,955,30,1,8.02,0,0,On Time
1753,1916,37,1,7.23,0,0,On Time
1754,1536,43,1,9.11,0,0,On Time
1755,1124,28,1,9.37,0,0,On Time
1756,1422,27,1,8.35,0,0,On Time
1757,1366,28,1,6.93,0,0,On Time
1758,1705,49,0,0.0,1,0,Absent
1759,1190,30,1,10.05,0,0,On Time
1760,1197,22,1,7.11,0,0,On Time
1761,723,13,1,9.41,0,0,On Time
1762,1972,47,1,8.06,0,0,On Time
1763,1174,36,1,8.46,0,0,On Time
1764,1572,49,1,10.08,0,0,On Time
1765,1697,38,1,6.8,0,0,On Time
1766,105,14,1,7.44,0,0,On Time
1767,36,13,1,7.83,0,0,On Time
1768,2001,50,1,8.29,0,0,On Time
1769,776,23,1,6.83,0,0,On Time
1770,278,13,1,6.56,0,0,On Time
1771,557,17,1,7.95,0,0,On Time
1772,1288,22,1,9.09,0,1,Late
1773,277,8,1,6.97,0,0,On Time
1774,1697,51,1,8.96,0,0,On Time
1775,1000,33,1,6.22,0,0,On Time
1776,1414,26,1,8.62,0,0,On Time
1777,1335,35,0,0.0,1,0,Absent
1778,1681,43,1,7.0,0,1,Late
1779,1841,43,1,8.78,0,0,On Time
1780,812,23,1,9.37,0,0,On Time
1781,1019,33,1,9.53,0,1,Late
1782,1964,39,0,0.0,1,0,Absent
1783,1430,29,1,7.17,0,0,On Time
1784,1490,45,1,8.22,0,0,On Time
1785,1208,27,1,9.91,0,0,On Time
1786,847,36,1,10.03,0,0,On Time
1787,35,2,1,7.73,0,0,On Time
1788,863,27,1,7.33,0,0,On Time
1789,1046,23,1,7.79,0,0,On Time
1790,1347,27,1,7.43,0,0,On Time
1791,1630,37,1,7.49,0,0,On Time
1792,522,14,1,8.77,0,0,On Time
1793,682,18,1,9.29,0,0,On Time
1794,1645,43,0,0.0,1,0,Absent
1795,1184,29,1,9.06,0,0,On Time
1796,194,18,1,8.6,0,1,Late
1797,1014,30,1,7.04,0,0,On Time
1798,1039,21,1,9.08,0,0,On Time
1799,156,2,0,0.0,1,0,Absent
1800,1553,40,1,8.45,0,0,On Time
1801,1639,43,1,9.91,0,0,On Time
1802,1037,34,1,8.38,0,0,On Time
1803,1431,36,1,9.02,0,0,On Time
1804,815,34,1,9.52,0,0,On Time
1805,1858,39,1,9.61,0,0,On Time
1806,2167,51,1,9.44,0,0,On Time
1807,1638,39,1,9.41,0,0,On Time
1808,5,14,1,8.28,0,0,On Time
1809,2152,38,1,7.42,0,0,On Time
1810,722,10,0,0.0,1,0,Absent
1811,431,15,0,0.0,1,0,Absent
1812,879,30,1,10.11,0,0,On Time
1813,506,14,1,9.25,0,0,On Time
1814,1902,52,1,8.67,0,0,On Time
1815,1180,29,1,7.96,0,0,On Time
1816,1410,20,1,8.17,0,0,On Time
1817,1021,36,1,8.36,0,0,On Time
1818,962,36,1,9.78,0,0,On Time
1819,200,7,1,8.74,0,1,Late
1820,1385,30,1,6.96,0,0,On Time
1821,1007,35,1,8.0,0,0,On Time
1822,1426,21,1,6.88,0,0,On Time
1823,1266,25,1,8.79,0,0,On Time
1824,1133,24,1,8.34,0,0,On Time
1825,1218,19,1,7.5,0,0,On Time
1826,1719,46,1,9.45,0,0,On Time
1827,230,17,1,7.54,0,0,On Time
1828,1299,20,1,10.01,0,0,On Time
1829,2146,41,0,0.0,1,0,Absent
1830,1319,34,1,7.51,0,0,On Time
1831,1404,26,1,8.72,0,0,On Time
1832,1069,29,1,10.44,0,0,On Time
1833,1829,53,1,8.58,0,0,On Time
1834,2154,37,1,9.65,0,0,On Time
1835,309,1,1,8.93,0,0,On Time
1836,890,27,1,8.36,0,0,On Time
1837,597,4,1,8.68,0,0,On Time
1838,1740,49,0,0.0,1,0,Absent
1839,908,26,1,7.89,0,0,On Time
1840,640,17,1,10.04,0,0,On Time
1841,1305,19,1,6.1,0,0,On Time
1842,1228,21,1,6.97,0,1,Late
1843,191,17,1,9.12,0,0,On Time
1844,2080,46,1,9.82,0,0,On Time
1845,1150,34,1,8.15,0,0,On Time
1846,1609,54,1,8.5,0,0,On Time
1847,330,11,1,9.4,0,1,Late
1848,2047,50,1,8.38,0,0,On Time
1849,1562,49,1,7.09,0,0,On Time
1850,569,14,1,10.12,0,0,On Time
1851,2097,38,1,9.77,0,0,On Time
1852,1457,24,1,7.71,0,1,Late
1853,4,5,1,6.88,0,0,On Time
1854,517,1,1,8.41,0,0,On Time
1855,399,7,1,8.47,0,0,On Time
1856,2003,53,1,9.48,0,0,On Time
1857,335,13,0,0.0,1,0,Absent
1858,1481,49,1,9.05,0,0,On Time
1859,1311,22,1,7.88,0,0,On Time
1860,268,17,1,9.36,0,0,On Time
1861,1164,34,1,9.59,0,1,Late
1862,554,14,0,0.0,1,0,Absent
1863,1613,52,1,6.79,0,0,On Time
1864,1243,30,1,7.05,0,1,Late
1865,755,26,0,0.0,1,0,Absent
1866,860,30,1,8.32,0,0,On Time
1867,2028,45,1,7.87,0,0,On Time
1868,1310,36,1,8.45,0,0,On Time
1869,856,34,1,7.0,0,0,On Time
1870,1372,32,1,7.63,0,0,On Time
1871,650,3,1,8.86,0,0,On Time
1872,834,27,1,9.86,0,0,On Time
1873,1459,27,0,0.0,1,0,Absent
1874,31,10,1,7.02,0,0,On Time
1875,1823,43,1,8.03,0,0,On Time
1876,1370,35,1,7.81,0,0,On Time
1877,423,7,1,9.2,0,0,On Time
1878,411,14,1,9.5,0,1,Late
1879,311,4,1,9.65,0,0,On Time
1880,724,2,1,7.43,0,0,On Time
1881,1931,40,1,9.15,0,0,On Time
1882,1035,30,1,7.26,0,0,On Time
1883,2077,41,1,7.4,0,0,On Time
1884,1777,49,1,7.64,0,0,On Time
1885,1146,20,1,7.92,0,0,On Time
1886,831,28,1,9.72,0,0,On Time
1887,443,10,1,8.9,0,0,On Time
1888,2028,37,1,9.48,0,0,On Time
1889,1567,47,1,7.92,0,0,On Time
1890,1972,46,1,8.42,0,0,On Time
1891,764,26,1,8.17,0,0,On Time
1892,981,32,1,8.28,0,0,On Time
1893,1516,40,1,10.32,0,0,On Time
1894,125,14,1,7.88,0,0,On Time
1895,552,11,1,9.38,0,1,Late
1896,780,34,1,9.68,0,0,On Time
1897,88,7,0,0.0,1,0,Absent
1898,1588,39,1,7.05,0,1,Late
1899,1295,28,1,7.75,0,0,On Time
1900,1797,42,1,8.11,0,0,On Time
1901,1871,37,1,9.94,0,0,On Time
1902,850,24,1,7.66,0,0,On Time
1903,1949,46,1,7.7,0,0,On Time
1904,512,13,1,7.62,0,0,On Time
1905,2053,47,1,7.73,0,0,On Time
1906,936,27,1,7.15,0,0,On Time
1907,746,35,1,8.16,0,1,Late
1908,1101,21,1,7.72,0,0,On Time
1909,2183,53,1,7.75,0,0,On Time
1910,632,6,1,9.77,0,0,On Time
1911,596,17,1,8.4,0,0,On Time
1912,1986,52,1,7.26,0,0,On Time
1913,1144,34,1,10.23,0,0,On Time
1914,1951,50,1,8.05,0,0,On Time
1915,995,34,1,6.53,0,0,On Time
1916,534,17,1,7.73,0,0,On Time
1917,591,12,1,7.89,0,1,Late
1918,840,26,1,10.19,0,0,On Time
1919,1838,54,1,6.42,0,0,On Time
1920,726,8,0,0.0,1,0,Absent
1921,1755,44,1,8.21,0,0,On Time
1922,628,16,1,9.28,0,1,Late
1923,908,30,1,8.91,0,0,On Time
1924,434,12,1,8.61,0,0,On Time
1925,890,20,1,9.21,0,0,On Time
1926,1918,42,1,9.43,0,0,On Time
1927,1452,25,1,7.73,0,0,On Time
1928,1740,43,1,7.49,0,0,On Time
1929,1228,33,1,8.96,0,0,On Time
1930,268,18,1,7.12,0,0,On Time
1931,930,22,0,0.0,1,0,Absent
1932,738,22,1,7.59,0,0,On Time
1933,1653,45,1,9.08,0,0,On Time
1934,1519,53,0,0.0,1,0,Absent
1935,680,5,1,8.75,0,0,On Time
1936,1525,44,1,8.15,0,0,On Time
1937,964,35,1,8.36,0,0,On Time
1938,14,18,1,7.53,0,0,On Time
1939,1582,43,1,6.69,0,1,Late
1940,1579,42,1,8.29,0,0,On Time
1941,740,33,1,8.75,0,0,On Time
1942,916,29,1,8.11,0,0,On Time
1943,182,14,1,7.91,0,0,On Time
1944,992,33,1,10.17,0,0,On Time
1945,665,1,1,10.2,0,0,On Time
1946,1569,37,1,8.87,0,1,Late
1947,1949,47,1,7.42,0,0,On Time
1948,1503,38,1,7.95,0,0,On Time
1949,71,16,1,8.04,0,1,Late
1950,1281,27,1,7.35,0,0,On Time
1951,2052,42,1,7.47,0,0,On Time
1952,1402,19,1,7.9,0,0,On Time
1953,947,25,1,9.82,0,0,On Time
1954,278,12,1,8.21,0,0,On Time
1955,133,5,1,8.61,0,0,On Time
1956,1573,46,0,0.0,1,0,Absent
1957,25,7,1,8.33,0,0,On Time
1958,776,25,1,8.68,0,0,On Time
1959,432,2,1,8.22,0,0,On Time
1960,1180,22,0,0.0,1,0,Absent
1961,1225,35,1,7.58,0,0,On Time
1962,1482,54,0,0.0,1,0,Absent
1963,850,23,1,7.67,0,0,On Time
1964,1638,39,1,7.14,0,1,Late
1965,1502,50,1,7.73,0,0,On Time
1966,834,20,1,7.7,0,0,On Time
1967,1520,43,1,7.57,0,0,On Time
1968,285,4,1,8.92,0,0,On Time
1969,1993,49,1,7.16,0,0,On Time
1970,1981,44,1,8.97,0,0,On Time
1971,847,31,1,9.05,0,0,On Time
1972,274,13,1,9.23,0,0,On Time
1973,1841,48,1,7.9,0,0,On Time
1974,1210,20,1,7.01,0,0,On Time
1975,304,7,1,7.18,0,0,On Time
1976,399,3,1,7.29,0,0,On Time
1977,2162,52,1,9.48,0,0,On Time
1978,809,26,1,8.4,0,0,On Time
1979,127,4,1,9.74,0,1,Late
1980,521,14,1,9.51,0,0,On Time
1981,299,13,1,7.04,0,0,On Time
1982,2134,46,1,8.9,0,0,On Time
1983,1046,30,1,7.76,0,0,On Time
1984,17,8,1,8.8,0,0,On Time
1985,1186,34,1,7.82,0,0,On Time
1986,2126,40,1,9.11,0,1,Late
1987,2072,51,1,8.02,0,0,On Time
1988,1679,42,1,7.76,0,0,On Time
1989,1598,38,1,7.55,0,0,On Time
1990,1750,52,1,7.49,0,0,On Time
1991,2040,54,1,8.84,0,0,On Time
1992,805,27,1,9.15,0,0,On Time
1993,1383,32,1,7.26,0,0,On Time
1994,1946,47,1,9.12,0,0,On Time
1995,1693,41,1,9.09,0,0,On Time
1996,413,18,1,10.01,0,0,On Time
1997,1079,36,1,9.37,0,0,On Time
1998,1152,30,1,8.35,0,0,On Time
1999,849,22,1,9.08,0,0,On Time
2000,1485,43,1,7.25,0,1,Late
2001,1151,36,1,8.62,0,0,On Time
2002,299,3,1,10.19,0,0,On Time
2003,2060,54,1,7.86,0,0,On Time
2004,529,11,1,8.41,0,0,On Time
2005,584,14,1,9.42,0,0,On Time
2006,1137,26,1,8.71,0,0,On Time
2007,1467,42,1,9.09,0,0,On Time
2008,2095,38,1,7.72,0,1,Late
2009,161,7,1,8.41,0,0,On Time
2010,326,8,1,8.5,0,0,On Time
2011,883,21,1,8.09,0,0,On Time
2012,92,2,1,7.99,0,0,On Time
2013,591,18,1,7.65,0,0,On Time
2014,1694,53,1,7.23,0,0,On Time
2015,1846,54,1,6.55,0,0,On Time
2016,62,2,1,7.95,0,0,On Time
2017,2143,52,1,9.62,0,0,On Time
2018,68,8,1,10.02,0,0,On Time
2019,432,18,1,8.84,0,0,On Time
2020,349,17,1,9.48,0,0,On Time
2021,302,16,1,8.07,0,1,Late
2022,690,10,1,8.46,0,0,On Time
2023,1305,20,1,7.74,0,1,Late
2024,300,13,1,9.38,0,0,On Time
2025,422,13,1,7.81,0,0,On Time
2026,672,1,1,6.74,0,0,On Time
2027,31,6,1,8.31,0,0,On Time
2028,2099,37,1,7.93,0,0,On Time
2029,181,4,0,0.0,1,0,Absent
2030,1146,33,1,6.92,0,0,On Time
2031,1447,28,1,9.9,0,0,On Time
2032,1958,47,1,6.45,0,0,On Time
2033,470,11,1,8.24,0,0,On Time
2034,149,2,1,9.15,0,0,On Time
2035,349,1,1,8.48,0,0,On Time
2036,74,18,1,6.94,0,0,On Time
2037,1886,54,1,8.73,0,0,On Time
2038,393,17,1,8.09,0,0,On Time
2039,1758,43,1,7.79,0,0,On Time
2040,1683,48,1,8.1,0,0,On Time
2041,219,3,1,6.14,0,0,On Time
2042,316,14,0,0.0,1,0,Absent
2043,734,26,1,7.01,0,0,On Time
2044,44,18,1,7.85,0,0,On Time
2045,489,15,1,7.99,0,0,On Time
2046,830,21,1,9.1,0,0,On Time
2047,1723,43,1,9.4,0,1,Late
2048,628,5,1,9.61,0,1,Late
2049,2103,45,1,6.47,0,0,On Time
2050,1516,51,1,8.85,0,0,On Time
2051,866,28,1,8.3,0,0,On Time
2052,1052,34,0,0.0,1,0,Absent
2053,1965,46,1,7.81,0,0,On Time
2054,1979,50,1,9.0,0,0,On Time
2055,2122,47,1,7.82,0,0,On Time
2056,2164,52,1,9.57,0,0,On Time
2057,495,8,1,7.38,0,0,On Time
2058,1771,54,1,8.25,0,0,On Time
2059,1238,35,1,7.84,0,0,On Time
2060,1002,27,1,7.7,0,1,Late
2061,1633,42,0,0.0,1,0,Absent
2062,933,22,1,7.11,0,1,Late
2063,1140,32,1,8.16,0,0,On Time
2064,1021,22,1,9.17,0,1,Late
2065,431,14,1,8.38,0,0,On Time
2066,197,16,1,8.92,0,0,On Time
2067,1606,53,1,6.87,0,0,On Time
2068,2127,44,1,6.62,0,0,On Time
2069,2143,43,1,9.27,0,0,On Time
2070,1639,44,1,9.24,0,0,On Time
2071,232,13,1,8.07,0,0,On Time
2072,1640,52,1,6.27,0,0,On Time
2073,91,17,1,7.65,0,0,On Time
2074,1386,33,1,9.53,0,0,On Time
2075,1816,54,1,7.73,0,0,On Time
2076,1404,33,1,9.26,0,0,On Time
2077,1051,30,1,8.23,0,0,On Time
2078,1713,54,1,7.39,0,0,On Time
2079,1887,51,1,8.47,0,0,On Time
2080,2136,43,1,7.84,0,0,On Time
2081,394,17,1,9.49,0,0,On Time
2082,759,33,1,7.99,0,0,On Time
2083,865,24,1,6.5,0,0,On Time
2084,137,2,1,8.21,0,0,On Time
2085,1087,21,1,7.36,0,1,Late
2086,1904,53,1,7.89,0,0,On Time
2087,1803,38,1,10.64,0,0,On Time
2088,1659,47,1,7.59,0,0,On Time
2089,1376,20,1,9.54,0,0,On Time
2090,1667,52,1,8.28,0,1,Late
2091,1370,34,1,9.42,0,0,On Time
2092,1010,20,1,8.77,0,0,On Time
2093,718,3,1,8.91,0,0,On Time
2094,1365,27,1,9.07,0,0,On Time
2095,1167,29,1,10.02,0,0,On Time
2096,668,16,1,7.7,0,0,On Time
2097,1026,25,1,9.84,0,0,On Time
2098,863,22,1,8.72,0,0,On Time
2099,1793,37,1,9.15,0,1,Late
2100,67,7,1,8.17,0,0,On Time
2101,1994,44,1,9.03,0,0,On Time
2102,579,2,1,8.08,0,0,On Time
2103,329,14,1,9.07,0,0,On Time
2104,1310,30,1,10.31,0,0,On Time
2105,1271,27,1,7.77,0,0,On Time
2106,1819,52,1,8.58,0,0,On Time
2107,1057,35,1,8.75,0,0,On Time
2108,926,34,1,7.55,0,0,On Time
2109,1541,49,1,7.65,0,0,On Time
2110,1110,20,1,9.56,0,0,On Time
2111,998,25,1,9.02,0,0,On Time
2112,2059,42,1,8.09,0,0,On Time
2113,15,7,1,7.71,0,0,On Time
2114,324,7,1,9.79,0,0,On Time
2115,1890,41,1,9.08,0,1,Late
2116,1968,40,1,8.52,0,0,On Time
2117,883,32,1,7.97,0,0,On Time
2118,2085,49,1,7.03,0,0,On Time
2119,694,3,1,9.74,0,0,On Time
2120,1173,27,1,8.55,0,0,On Time
2121,409,17,1,7.41,0,0,On Time
2122,1108,34,1,7.37,0,0,On Time
2123,1888,47,1,8.66,0,0,On Time
2124,641,10,1,7.98,0,0,On Time
2125,329,15,1,8.02,0,0,On Time
2126,868,36,1,7.29,0,0,On Time
2127,593,13,1,8.4,0,0,On Time
2128,1529,46,1,7.42,0,0,On Time
2129,92,9,1,8.0,0,0,On Time
2130,1965,45,1,7.66,0,0,On Time
2131,923,24,1,8.01,0,1,Late
2132,1784,44,1,8.73,0,0,On Time
2133,4,6,1,9.12,0,0,On Time
2134,872,35,1,8.11,0,0,On Time
2135,1266,34,1,8.39,0,0,On Time
2136,1191,30,1,7.25,0,0,On Time
2137,552,3,1,9.38,0,0,On Time
2138,315,7,1,7.56,0,0,On Time
2139,110,5,1,8.35,0,0,On Time
2140,170,3,0,0.0,1,0,Absent
2141,272,6,1,8.64,0,0,On Time
2142,1431,20,0,0.0,1,0,Absent
2143,1397,19,1,9.57,0,0,On Time
2144,2143,48,1,8.71,0,0,On Time
2145,610,17,1,9.8,0,0,On Time
2146,1252,19,1,8.54,0,0,On Time
2147,1429,20,1,7.81,0,0,On Time
2148,1862,41,1,7.95,0,0,On Time
2149,1057,19,1,8.87,0,0,On Time
2150,436,10,0,0.0,1,0,Absent
2151,666,6,1,6.99,0,0,On Time
2152,1142,25,1,7.7,0,0,On Time
2153,398,10,0,0.0,1,0,Absent
2154,469,2,1,7.75,0,0,On Time
2155,1139,27,1,9.55,0,0,On Time
2156,127,6,1,7.9,0,0,On Time
2157,1757,38,1,7.32,0,0,On Time
2158,921,28,1,9.95,0,0,On Time
2159,2138,37,1,7.84,0,0,On Time
2160,1876,38,1,8.75,0,0,On Time
2161,881,33,1,8.68,0,1,Late
2162,1040,28,1,9.31,0,0,On Time
2163,365,5,1,7.85,0,0,On Time
2164,608,7,1,8.18,0,0,On Time
2165,1168,34,0,0.0,1,0,Absent
2166,2011,52,1,10.36,0,0,On Time
2167,651,14,1,8.65,0,0,On Time
2168,739,30,1,8.67,0,0,On Time
2169,1144,20,1,10.12,0,1,Late
2170,1287,24,1,9.2,0,0,On Time
2171,607,8,1,7.03,0,0,On Time
2172,346,7,1,8.89,0,0,On Time
2173,1610,39,1,7.69,0,0,On Time
2174,395,3,1,8.31,0,0,On Time
2175,1183,35,1,6.96,0,0,On Time
2176,884,28,1,8.41,0,0,On Time
2177,248,16,1,7.78,0,0,On Time
2178,1072,19,1,9.36,0,0,On Time
2179,1041,29,1,8.09,0,0,On Time
2180,1200,27,1,9.42,0,0,On Time
2181,676,17,1,8.63,0,0,On Time
2182,1554,42,1,8.43,0,0,On Time
2183,989,34,0,0.0,1,0,Absent
2184,613,13,1,8.66,0,1,Late
2185,289,3,1,9.21,0,0,On Time
2186,1514,41,1,9.04,0,0,On Time
2187,130,6,1,9.71,0,0,On Time
2188,2094,42,1,7.11,0,0,On Time
2189,1745,38,1,6.97,0,0,On Time
2190,1406,31,1,8.85,0,0,On Time
2191,2108,42,0,0.0,1,0,Absent
2192,1162,27,1,8.5,0,0,On Time
2193,1560,47,1,8.34,0,0,On Time
2194,1222,36,1,7.06,0,1,Late
2195,313,5,1,8.56,0,0,On Time
2196,1372,23,1,8.75,0,0,On Time
2197,1849,41,1,8.64,0,0,On Time
2198,1924,53,1,8.39,0,0,On Time
2199,2104,54,1,7.59,0,0,On Time
2200,108,8,1,9.72,0,0,On Time
2201,128,17,1,8.25,0,0,On Time
2202,700,11,1,9.19,0,0,On Time
2203,843,20,1,8.99,0,0,On Time
2204,2036,54,1,7.42,0,0,On Time
2205,190,5,1,6.6,0,0,On Time
2206,2051,41,1,9.13,0,0,On Time
2207,1535,47,1,7.68,0,0,On Time
2208,852,32,1,7.82,0,0,On Time
2209,869,25,1,9.53,0,0,On Time
2210,1186,25,1,7.59,0,0,On Time
2211,1213,29,1,8.88,0,0,On Time
2212,111,17,1,8.97,0,0,On Time
2213,159,15,1,8.89,0,0,On Time
2214,13,8,1,9.84,0,0,On Time
2215,475,13,1,9.39,0,0,On Time
2216,637,17,1,10.07,0,0,On Time
2217,2007,47,1,9.73,0,1,Late
2218,803,30,1,7.17,0,0,On Time
2219,510,12,1,7.81,0,0,On Time
2220,1120,26,1,9.07,0,0,On Time
2221,453,8,1,9.79,0,0,On Time
2222,682,17,1,7.0,0,1,Late
2223,102,8,1,8.24,0,0,On Time
2224,952,31,1,7.88,0,0,On Time
2225,1371,30,1,9.32,0,0,On Time
2226,786,22,1,6.78,0,0,On Time
2227,97,11,1,8.93,0,0,On Time
2228,393,18,0,0.0,1,0,Absent
2229,1071,28,1,9.57,0,0,On Time
2230,1911,41,1,7.63,0,0,On Time
2231,578,1,1,6.5,0,0,On Time
2232,855,32,1,9.28,0,0,On Time
2233,352,6,1,9.12,0,0,On Time
2234,964,23,1,7.75,0,0,On Time
2235,761,28,1,7.96,0,1,Late
2236,2175,44,0,0.0,1,0,Absent
2237,1201,21,1,8.17,0,0,On Time
2238,943,21,1,7.79,0,0,On Time
2239,1352,27,1,8.94,0,0,On Time
2240,1016,22,1,10.47,0,0,On Time
2241,798,34,1,8.77,0,1,Late
2242,804,20,1,7.67,0,0,On Time
2243,1981,39,1,7.93,0,0,On Time
2244,1714,54,1,8.6,0,0,On Time
2245,1297,36,1,6.9,0,0,On Time
2246,704,13,1,8.85,0,0,On Time
2247,1703,54,1,9.23,0,0,On Time
2248,1472,50,0,0.0,1,0,Absent
2249,212,18,1,7.49,0,0,On Time
2250,2167,47,1,9.32,0,0,On Time
2251,541,3,1,7.57,0,0,On Time
2252,939,26,0,0.0,1,0,Absent
2253,1037,35,1,7.37,0,0,On Time
2254,1706,54,1,8.3,0,0,On Time
2255,1220,21,1,7.69,0,0,On Time
2256,868,22,1,9.38,0,0,On Time
2257,1089,32,1,9.43,0,0,On Time
2258,645,2,1,9.79,0,0,On Time
2259,904,31,1,7.41,0,0,On Time
2260,1409,26,1,7.38,0,0,On Time
2261,2150,47,1,8.71,0,1,Late
2262,1073,36,1,6.71,0,0,On Time
2263,1019,23,1,8.03,0,0,On Time
2264,1871,49,1,7.3,0,1,Late
2265,1163,25,1,7.74,0,0,On Time
2266,891,23,1,7.72,0,0,On Time
2267,542,17,1,9.96,0,0,On Time
2268,1595,38,1,8.32,0,1,Late
2269,507,7,1,7.18,0,0,On Time
2270,1136,21,1,8.22,0,0,On Time
2271,865,19,1,9.17,0,0,On Time
2272,648,17,1,7.88,0,0,On Time
2273,1822,53,1,7.34,0,0,On Time
2274,1385,32,1,8.59,0,0,On Time
2275,1452,23,1,9.05,0,0,On Time
2276,1649,47,1,8.75,0,1,Late
2277,870,22,1,10.18,0,0,On Time
2278,2132,43,1,7.69,0,0,On Time
2279,1577,41,1,9.02,0,0,On Time
2280,1575,54,1,6.76,0,0,On Time
2281,1786,51,1,7.16,0,1,Late
2282,1698,47,1,6.79,0,0,On Time
2283,306,2,1,8.89,0,0,On Time
2284,988,30,1,8.79,0,0,On Time
2285,491,8,0,0.0,1,0,Absent
2286,554,15,1,9.07,0,0,On Time
2287,760,30,1,7.01,0,0,On Time
2288,2156,37,1,10.41,0,0,On Time
2289,688,15,1,7.87,0,0,On Time
2290,272,12,0,0.0,1,0,Absent
2291,977,32,1,7.91,0,1,Late
2292,1886,44,1,8.25,0,0,On Time
2293,1959,47,1,8.92,0,0,On Time
2294,1343,36,1,7.57,0,0,On Time
2295,1385,20,1,7.29,0,0,On Time
2296,581,1,1,8.14,0,0,On Time
2297,890,29,1,8.51,0,0,On Time
2298,311,17,1,7.85,0,0,On Time
2299,1802,39,1,8.45,0,0,On Time
2300,72,6,1,9.35,0,0,On Time
2301,1429,29,1,9.06,0,1,Late
2302,1053,27,1,7.1,0,1,Late
2303,1261,29,1,10.5,0,0,On Time
2304,412,17,1,9.21,0,1,Late
2305,963,19,1,9.41,0,0,On Time
2306,1169,35,1,9.05,0,0,On Time
2307,217,11,1,7.46,0,1,Late
2308,153,5,1,7.75,0,0,On Time
2309,1391,30,1,10.44,0,0,On Time
2310,2013,44,1,8.21,0,1,Late
2311,1454,33,1,9.98,0,0,On Time
2312,1490,44,1,8.82,0,0,On Time
2313,735,27,1,8.24,0,0,On Time
2314,799,29,1,6.73,0,0,On Time
2315,1082,19,1,6.42,0,0,On Time
2316,1708,52,1,9.08,0,0,On Time
2317,2159,51,1,7.41,0,0,On Time
2318,212,14,1,7.63,0,0,On Time
2319,1545,54,1,8.21,0,0,On Time
2320,591,9,1,10.66,0,0,On Time
2321,206,3,1,8.33,0,0,On Time
2322,1270,28,0,0.0,1,0,Absent
2323,1374,32,1,7.56,0,0,On Time
2324,710,13,1,8.62,0,0,On Time
2325,2178,40,1,9.02,0,0,On Time
2326,1752,49,1,9.68,0,0,On Time
2327,1132,30,1,9.46,0,0,On Time
2328,719,12,1,7.88,0,0,On Time
2329,1918,52,1,7.0,0,0,On Time
2330,1203,34,1,8.28,0,0,On Time
2331,57,6,1,7.07,0,0,On Time
2332,1925,43,1,7.88,0,0,On Time
2333,74,5,1,7.57,0,0,On Time
2334,728,8,1,8.84,0,0,On Time
2335,547,3,1,7.81,0,0,On Time
2336,1154,27,1,9.9,0,0,On Time
2337,997,36,1,8.2,0,0,On Time
2338,1037,35,1,7.61,0,0,On Time
2339,693,4,1,7.45,0,0,On Time
2340,1289,36,1,10.3,0,0,On Time
2341,311,3,1,7.83,0,0,On Time
2342,2031,45,1,6.97,0,1,Late
2343,296,16,1,9.2,0,0,On Time
2344,1007,35,1,7.37,0,0,On Time
2345,968,20,1,7.43,0,0,On Time
2346,1709,47,1,7.69,0,0,On Time
2347,66,7,1,8.64,0,0,On Time
2348,1390,26,1,7.53,0,0,On Time
2349,305,13,1,8.65,0,0,On Time
2350,807,28,1,8.32,0,0,On Time
2351,965,29,1,8.02,0,1,Late
2352,2125,43,1,9.4,0,0,On Time
2353,1840,45,1,7.94,0,1,Late
2354,1928,45,1,8.86,0,0,On Time
2355,1531,39,1,7.16,0,0,On Time
2356,1629,42,1,7.99,0,0,On Time
2357,1499,39,1,7.43,0,1,Late
2358,860,31,1,8.81,0,0,On Time
2359,267,5,0,0.0,1,0,Absent
2360,1027,23,1,8.36,0,0,On Time
2361,756,23,1,8.13,0,0,On Time
2362,904,27,1,9.17,0,0,On Time
2363,1097,35,1,7.72,0,1,Late
2364,1046,36,1,8.49,0,0,On Time
2365,1666,49,1,9.53,0,0,On Time
2366,1552,50,1,7.52,0,0,On Time
2367,941,31,1,8.29,0,0,On Time
2368,1074,22,1,8.11,0,0,On Time
2369,2084,43,1,8.04,0,0,On Time
2370,1573,41,1,7.8,0,0,On Time
2371,1033,32,1,8.84,0,0,On Time
2372,1281,36,1,9.75,0,0,On Time
2373,763,30,1,10.14,0,0,On Time
2374,1416,33,1,7.62,0,0,On Time
2375,924,21,1,8.98,0,0,On Time
2376,1859,41,1,8.02,0,0,On Time
2377,493,13,1,6.52,0,0,On Time
2378,252,5,1,7.34,0,0,On Time
2379,173,11,1,8.29,0,0,On Time
2380,179,16,1,7.27,0,1,Late
2381,839,31,1,8.54,0,0,On Time
2382,233,5,1,8.08,0,0,On Time
2383,1783,44,1,10.2,0,0,On Time
2384,1427,26,1,9.25,0,0,On Time
2385,472,12,1,7.48,0,0,On Time
2386,1045,22,1,9.07,0,0,On Time
2387,1915,52,1,6.58,0,0,On Time
2388,860,36,1,7.79,0,1,Late
2389,1057,35,1,8.39,0,0,On Time
2390,242,2,1,10.1,0,1,Late
2391,720,18,1,9.39,0,0,On Time
2392,1703,50,1,7.9,0,0,On Time
2393,1648,43,1,8.41,0,0,On Time
2394,1303,34,1,9.06,0,0,On Time
2395,1465,50,1,9.7,0,0,On Time
2396,278,4,1,9.1,0,0,On Time
2397,1219,35,1,6.86,0,0,On Time
2398,1454,33,1,7.6,0,0,On Time
2399,489,8,1,10.14,0,0,On Time
2400,605,6,1,8.11,0,0,On Time
