fact_fuel_id,sk_date,sk_vehicle,liters,fuel_cost_amount,odometer_km,consumption_l_100km
1,823,5,211.05,131.48,239114.86,27.19
2,722,1,92.43,164.54,120002.31,29.47
3,984,7,89.39,159.11,189187.98,22.68
4,688,1,311.83,555.12,120595.89,31.15
5,109,3,73.63,126.64,198210.39,23.48
6,1519,10,256.85,405.82,192581.71,29.8
7,2007,9,277.68,454.09,208713.14,32.21
8,1686,10,173.41,273.99,192256.87,26.49
9,25,1,153.2,263.5,120120.66,32.92
10,1232,8,35.38,65.18,94846.59,12.24
11,269,1,274.83,165.45,120652.3,27.46
12,1191,5,233.76,150.73,239036.28,30.11
13,1779,10,239.62,378.6,192523.72,27.8
14,1727,10,101.9,161.0,191847.51,29.13
15,311,3,96.8,166.5,198484.52,20.8
16,689,2,239.28,149.09,149365.5,29.72
17,66,1,254.12,437.09,120350.15,31.56
18,1891,10,183.18,299.55,192212.34,29.73
19,317,2,270.87,465.9,149717.66,27.06
20,2084,10,192.14,314.21,192122.0,29.35
21,770,6,124.84,222.22,102416.87,31.68
22,1125,6,206.38,380.21,102723.38,26.59
23,106,2,138.01,237.38,149130.36,29.66
24,1603,11,139.46,220.35,123709.29,21.3
25,242,2,314.02,189.04,149675.97,31.37
26,1565,9,203.03,320.79,208556.93,31.01
27,2141,9,106.66,174.42,208319.27,30.49
28,484,2,260.21,162.13,149719.0,26.0
29,1605,9,240.38,379.8,208933.37,27.89
30,891,6,50.66,90.17,102173.38,26.64
31,1468,9,260.5,411.59,208866.64,30.22
32,1720,10,257.75,142.54,192321.53,29.9
33,1614,10,186.28,294.32,192146.73,30.24
34,1453,5,105.84,194.99,238704.88,26.86
35,1629,9,186.32,294.39,208644.08,28.46
36,386,2,125.4,223.24,149060.91,26.95
37,1351,6,208.3,383.75,102644.72,26.83
38,611,4,112.2,69.91,238953.14,11.21
39,1578,10,194.56,307.4,192266.83,29.72
40,30,1,89.98,154.77,120004.12,28.69
41,605,1,90.19,160.56,119975.23,28.76
42,1183,5,109.4,201.55,238787.61,27.76
43,298,3,168.94,290.58,198692.88,20.98
44,1342,6,55.14,101.58,102177.29,29.0
45,489,2,248.8,442.91,149467.23,30.9
46,695,1,271.84,483.93,120539.75,27.16
47,316,2,128.64,221.26,148994.0,27.65
48,1125,6,221.39,142.75,102872.11,28.52
49,379,1,277.61,494.2,120723.39,27.73
50,708,2,127.54,227.05,149109.65,27.41
51,1579,9,195.79,309.35,208545.13,29.9
52,1966,10,238.74,390.41,192292.69,27.7
53,1822,10,189.97,300.15,192326.69,29.02
54,1377,6,88.15,162.4,102223.28,30.51
55,1895,10,171.84,281.01,192282.87,26.25
56,122,1,151.66,260.86,120151.88,32.59
57,594,2,262.75,467.75,149636.31,26.25
58,1735,9,111.12,175.57,208340.45,31.76
59,162,1,87.82,151.05,119961.73,28.0
60,801,6,53.46,95.16,102127.54,28.12
61,805,6,233.25,415.19,102684.82,30.05
62,1971,10,177.69,290.58,192101.25,28.84
63,437,2,235.14,418.6,149484.39,29.21
64,791,6,87.78,156.25,102220.0,30.38
65,793,6,119.22,212.21,102313.43,30.26
66,1482,9,195.31,308.59,208549.24,31.7
67,768,6,58.74,104.56,102131.48,30.89
68,676,1,325.07,578.69,120556.17,32.47
69,496,3,182.43,324.76,198791.13,22.66
70,2159,10,198.52,324.64,192256.14,30.32
71,1794,9,247.06,390.35,208997.95,28.66
72,947,5,218.7,389.29,239031.0,28.17
73,77,1,103.64,178.26,119968.65,33.05
74,2075,9,269.84,154.44,208794.73,31.3
75,788,5,57.93,103.12,238535.93,30.46
76,1848,10,174.65,285.61,192107.95,28.35
77,534,1,267.86,476.84,120761.07,26.76
78,276,4,57.17,98.33,238238.96,12.29
79,1685,9,98.87,156.21,208277.33,28.26
80,1321,6,119.42,220.01,102418.95,30.3
81,507,2,89.06,158.54,148899.47,28.4
82,1962,12,108.01,176.63,140882.24,12.53
83,1193,5,53.35,98.29,238496.24,28.06
84,275,3,180.16,108.46,198834.57,22.38
85,1546,9,210.25,332.19,208730.73,32.11
86,1267,6,54.85,101.05,102131.06,28.85
87,1868,9,189.49,309.87,208667.69,30.76
88,1757,9,110.43,174.48,208353.47,31.56
89,2074,9,250.1,408.99,208929.2,29.01
90,917,6,50.4,89.71,102131.27,26.51
91,736,7,68.78,122.43,189121.12,23.8
92,2168,10,196.17,320.8,192108.1,31.84
93,1288,5,224.01,412.69,239183.04,28.86
94,1669,9,112.92,26.76,208339.72,32.28
95,1080,7,193.23,343.95,189718.77,24.89
96,754,7,44.67,79.51,188955.99,23.49
97,618,2,123.72,220.25,149080.8,26.59
98,2137,9,104.52,170.92,208281.77,29.88
99,1814,11,142.23,224.72,123626.36,23.09
100,41,2,124.08,213.42,149090.22,26.67
101,2084,9,246.47,403.05,208706.95,28.59
102,1954,11,146.5,239.57,123649.54,23.78
103,2146,9,203.15,332.21,208592.28,32.97
104,624,1,133.61,237.85,120040.98,28.72
105,1292,7,40.33,74.3,189018.85,21.21
106,978,6,106.58,189.71,102334.58,27.05
107,330,1,237.4,408.33,120525.59,29.49
108,486,1,95.41,169.85,119910.09,30.42
109,858,7,39.14,69.67,188977.91,20.59
110,197,3,66.71,114.74,198219.52,21.27
111,1324,6,60.21,110.92,102159.26,31.67
112,344,1,252.95,435.07,120496.37,31.42
113,1216,6,88.23,162.55,102232.2,30.54
114,1153,7,72.43,133.44,189104.57,25.07
115,1938,9,100.22,163.89,208256.16,28.65
116,133,3,242.22,416.62,198951.82,24.2
117,788,5,51.01,90.8,238500.93,26.83
118,543,2,308.32,548.87,149681.51,30.8
119,1025,6,49.28,87.72,102125.63,25.92
120,1781,9,180.76,285.6,208505.14,29.34
121,1975,9,182.35,298.2,208690.5,27.85
122,147,1,127.95,220.07,120043.33,27.5
123,157,3,173.79,104.62,198711.52,21.59
124,1039,7,160.24,285.23,189689.18,20.64
125,697,1,95.05,169.21,119939.14,30.31
126,465,1,125.39,223.22,120126.06,26.95
127,1727,9,268.1,423.6,208918.34,31.1
128,1856,11,141.35,231.15,123642.31,21.59
129,611,3,214.6,382.03,198857.44,21.44
130,284,2,98.63,169.64,148939.73,31.45
131,998,7,90.75,161.53,189257.72,23.03
132,61,1,150.18,258.31,120186.48,32.27
133,1789,9,205.68,324.97,208633.34,31.42
134,1991,11,188.7,46.29,123850.96,21.89
135,1655,11,145.12,229.29,123539.25,23.55
136,1603,9,248.42,392.5,208839.8,28.82
137,1030,6,59.23,105.43,102122.11,31.15
138,429,2,243.47,433.43,149329.43,30.24
139,1045,5,60.7,108.05,238496.5,31.92
140,2119,10,164.6,269.17,192117.47,26.72
141,1929,12,75.72,123.82,140610.42,12.29
142,704,1,85.04,151.39,119960.39,27.11
143,475,2,87.6,155.95,148874.52,27.93
144,1646,9,199.28,314.86,208575.8,32.35
145,1854,9,274.31,157.0,208792.96,31.82
146,1182,7,46.01,84.76,189006.86,24.2
147,51,1,143.26,246.41,120097.1,30.79
148,2150,10,237.72,136.06,192317.18,27.58
149,757,7,43.44,77.32,188976.37,22.85
150,650,2,298.2,530.86,149602.12,29.79
151,759,6,51.56,91.78,102127.88,27.12
152,2083,10,160.03,261.7,192244.72,25.97
153,635,2,94.74,168.66,148855.79,30.21
154,379,2,251.05,446.92,149500.45,31.18
155,840,6,238.48,424.49,102790.07,30.72
156,375,3,172.36,107.39,198705.35,21.41
157,510,1,145.98,259.87,120178.39,31.37
158,1348,6,59.78,110.13,102177.02,31.44
159,1257,5,233.64,430.43,239257.92,30.1
160,933,7,68.36,121.68,189134.01,23.66
161,1285,5,256.24,472.07,239079.25,33.01
162,317,1,140.59,241.81,120076.9,30.22
163,1976,10,159.77,261.27,192276.16,25.93
164,1409,6,242.13,446.08,102665.3,31.19
165,472,1,92.82,165.24,119907.01,29.6
166,693,2,142.69,254.02,149029.19,30.67
167,642,4,90.15,160.49,238550.42,11.2
168,1388,5,51.8,95.43,238515.26,27.24
169,644,1,278.68,173.64,120830.58,27.84
170,345,2,81.19,139.65,148934.39,25.89
171,429,3,168.46,104.96,198761.22,20.92
172,1059,6,124.88,222.29,102406.57,31.69
173,824,5,109.4,194.73,238733.0,27.76
174,911,5,109.95,195.71,238766.75,27.9
175,1217,6,223.62,411.98,102905.28,28.81
176,1951,9,166.61,272.46,208606.34,27.04
177,641,3,196.85,350.43,198840.86,24.45
178,2111,12,86.0,49.22,140741.55,13.14
179,677,1,301.58,536.87,120637.01,30.13
180,1962,10,187.04,305.87,192265.27,30.36
181,371,2,95.6,25.53,148955.35,30.48
182,763,6,113.45,201.94,102379.28,28.79
183,1263,6,122.37,225.44,102395.95,31.05
184,265,1,150.07,38.72,120074.15,32.25
185,302,1,127.28,218.92,120083.79,27.35
186,1272,5,87.38,160.98,238592.08,30.24
187,1609,11,186.39,294.5,123785.76,21.62
188,818,7,166.5,296.37,189746.39,21.45
189,1156,7,46.48,85.63,189017.37,24.45
190,1378,5,54.16,99.78,238544.62,28.49
191,2036,10,229.45,375.22,192470.93,26.62
192,784,5,62.18,110.68,238485.76,32.7
193,1453,5,50.84,93.66,238490.67,26.74
194,912,5,129.54,230.58,238770.92,32.87
195,847,6,59.61,106.11,102121.33,31.35
196,72,2,132.36,227.66,149028.45,28.45
197,1866,9,111.77,182.78,208288.51,31.95
198,365,2,281.26,483.77,149475.26,28.1
199,126,1,229.04,137.88,120606.06,28.45
200,619,1,102.88,183.15,120006.87,32.8
201,1216,7,94.47,174.04,189186.86,23.97
202,1078,7,72.18,128.48,189090.87,24.98
203,63,1,102.2,175.78,119993.65,32.59
204,470,2,243.98,434.33,149353.72,30.3
205,679,1,103.15,183.63,119939.02,32.89
206,1468,9,112.8,178.22,208307.03,32.24
207,1073,6,52.22,92.95,102174.57,27.46
208,1537,9,101.57,160.48,208269.26,29.03
209,2127,9,206.43,337.57,208691.19,31.53
210,678,2,95.55,170.1,148895.62,30.46
211,621,1,97.44,173.46,120008.29,31.07
212,1166,6,122.1,224.94,102426.19,30.98
213,2180,9,97.15,158.87,208342.7,27.77
214,545,1,128.14,228.11,120036.8,27.54
215,416,2,254.96,453.88,149501.46,31.67
216,204,3,113.57,195.34,198325.5,24.41
217,365,1,237.26,408.09,120483.3,29.47
218,1191,6,85.97,158.38,102294.32,29.75
219,1411,5,253.99,467.93,239136.19,32.72
220,880,8,53.82,95.8,94990.08,13.66
221,987,7,71.68,127.59,189068.25,24.81
222,1487,11,187.76,296.66,123954.25,21.78
223,1053,5,127.69,227.29,238762.8,32.4
224,1066,7,192.57,342.77,189639.24,24.81
225,430,2,218.65,389.24,149385.45,27.16
226,143,3,78.18,134.47,198262.91,24.93
227,1731,9,97.41,153.91,208336.73,27.84
228,172,2,126.72,217.96,149000.96,27.23
229,435,3,237.35,422.53,198898.85,23.71
230,1085,6,57.7,102.71,102121.56,30.34
231,878,5,89.85,159.93,238656.9,31.09
232,874,6,200.91,125.17,102816.24,25.88
233,993,6,113.03,201.19,102335.19,28.68
234,1176,5,51.19,94.31,238490.2,26.92
235,1248,5,89.41,164.72,238587.24,30.94
236,63,1,84.09,144.63,119993.63,26.81
237,170,1,316.72,544.76,120845.34,31.64
238,195,1,216.63,130.41,120597.29,26.91
239,899,6,226.51,403.19,102892.73,29.18
240,1632,11,135.37,213.88,123611.6,21.97
241,2137,11,203.18,116.29,123885.15,23.57
242,1364,6,241.55,445.01,102772.42,31.12
243,735,8,105.6,187.97,95358.05,13.6
244,7,2,289.31,497.61,149563.91,28.9
245,860,5,115.43,205.47,238731.15,29.29
246,1430,5,123.6,227.71,238780.2,31.36
247,1467,10,267.53,147.94,192486.15,31.04
248,811,6,234.35,417.14,102731.22,30.19
249,866,6,54.07,96.24,102128.39,28.44
250,1028,6,114.88,204.49,102350.41,29.15
251,573,2,121.29,215.92,149071.66,26.07
252,1047,7,192.43,119.88,189513.05,24.79
253,308,2,212.1,127.68,149527.04,26.34
254,84,2,122.38,210.49,149028.13,26.3
255,888,5,56.74,101.0,238514.3,29.84
256,826,6,57.27,101.94,102142.88,30.12
257,551,1,279.84,498.17,120829.85,27.96
258,1324,6,80.35,148.03,102241.67,27.81
259,1296,5,51.26,94.44,238523.27,26.96
260,1643,12,74.83,118.23,140697.11,11.43
261,1648,10,104.58,165.24,191917.49,29.89
262,967,5,58.6,104.31,238482.3,30.82
263,240,3,115.14,198.04,198345.34,24.74
264,899,6,57.03,101.51,102123.17,30.0
265,1685,9,235.33,371.82,208959.29,27.3
266,329,1,291.97,502.19,120735.46,29.17
267,678,1,125.4,223.24,120083.94,26.95
268,1251,8,93.5,172.26,95382.69,12.04
269,2136,10,196.33,321.06,192096.93,31.87
270,207,2,295.85,508.86,149667.75,29.56
271,191,2,208.38,358.41,149437.22,25.88
272,2090,10,230.16,376.38,192584.52,26.7
273,6,3,114.44,196.84,198448.6,24.59
274,548,1,230.69,143.74,120425.53,28.65
275,323,2,270.5,465.26,149735.06,27.02
276,29,1,144.46,248.47,120085.61,31.05
277,219,2,95.63,164.48,148895.75,30.49
278,1485,10,170.4,269.23,192149.34,26.03
279,674,1,147.86,263.22,120088.81,31.78
280,1290,5,233.76,430.66,239115.17,30.11
281,685,1,96.43,171.66,119971.59,30.74
282,885,6,122.36,217.8,102421.2,31.05
283,210,3,226.1,136.11,199136.25,22.59
284,1476,9,190.07,300.31,208665.08,30.85
285,835,5,116.21,206.85,238698.01,29.49
286,729,2,92.38,164.45,148892.25,29.45
287,627,2,125.23,222.93,149140.05,26.91
288,1757,10,98.83,156.15,191864.1,28.25
289,326,2,142.23,244.64,149109.37,30.57
290,1975,11,138.22,226.03,123558.89,21.11
291,738,6,59.23,105.43,102160.81,31.15
292,1329,5,84.04,154.83,238617.82,29.09
293,1236,5,83.39,153.63,238666.6,28.86
294,353,3,191.1,328.69,198755.19,23.74
295,892,8,22.41,39.89,94691.67,11.78
296,777,7,45.03,80.15,188969.48,23.68
297,1786,9,111.03,175.43,208308.42,31.73
298,355,1,138.39,238.03,120103.9,29.74
299,64,3,167.96,101.11,198826.64,20.86
300,592,1,102.81,183.02,119904.89,32.78
301,1461,6,86.48,159.32,102210.03,29.93
302,650,3,200.3,53.49,198854.92,24.88
303,1654,9,186.62,294.86,208618.53,28.5
304,1764,10,243.92,134.89,192311.58,28.3
305,1172,5,108.14,199.23,238692.23,27.44
306,121,2,260.76,156.98,149703.76,26.05
307,1716,10,103.98,164.29,191908.68,29.72
308,453,1,96.81,172.34,119901.71,30.87
309,2051,10,224.01,366.32,192408.34,25.99
310,646,4,37.96,67.58,238117.08,12.1
311,2004,10,269.82,154.43,192424.32,31.3
312,1341,7,44.5,81.98,188966.05,23.41
313,1887,9,259.96,148.79,208765.08,30.16
314,760,5,62.33,110.95,238526.67,32.78
315,841,7,45.26,80.56,188958.55,23.8
316,1025,5,113.25,201.59,238693.04,28.74
317,12,2,242.15,416.5,149483.71,30.08
318,320,2,125.08,215.14,149129.11,26.88
319,2015,10,189.64,310.12,192302.36,28.97
320,678,2,92.19,164.12,148946.29,29.39
321,1332,7,80.85,148.95,189166.56,20.52
322,1186,5,60.9,112.2,238484.89,32.03
323,437,1,244.54,435.33,120385.73,30.37
324,1055,5,58.99,105.0,238512.0,31.02
325,1006,5,55.32,98.47,238515.8,29.09
326,2075,11,161.83,264.64,123614.46,24.72
327,431,1,84.94,151.21,119933.68,27.08
328,1560,11,73.86,116.7,123396.34,21.11
329,805,7,41.97,74.71,188987.77,22.07
330,1605,11,141.87,78.45,123762.52,21.67
331,1106,5,241.62,445.14,239234.16,31.13
332,1130,5,87.26,160.76,238614.13,30.2
333,1413,7,38.63,71.17,189011.92,20.32
334,1132,6,116.25,214.17,102403.41,29.5
335,998,5,52.58,93.59,238491.15,27.66
336,1099,6,53.08,97.79,102154.0,27.91
337,1105,5,93.83,172.86,238652.64,32.47
338,1969,10,170.49,278.8,192198.19,27.67
339,1559,9,254.29,401.78,208911.74,29.5
340,13,4,59.68,102.65,238272.51,12.83
341,1887,9,193.21,110.58,208696.08,29.51
342,780,5,62.46,111.18,238517.84,32.85
343,238,2,223.01,383.58,149447.87,27.7
344,2166,12,76.1,124.45,140654.06,12.35
345,1950,10,94.21,154.06,191942.44,26.93
346,1451,6,78.76,145.1,102303.24,27.26
347,1816,10,172.46,272.49,192177.87,26.34
348,690,2,94.21,167.71,148852.91,30.04
349,1379,7,185.8,119.8,189540.08,23.94
350,216,1,93.6,160.99,119946.67,29.84
351,433,1,143.66,255.74,120173.92,30.87
352,1146,6,55.43,102.12,102177.22,29.15
353,1816,11,135.48,214.06,123670.49,21.99
354,1593,12,85.07,134.41,140675.15,12.99
355,1693,11,132.21,208.89,123546.49,21.46
356,1326,6,89.9,165.62,102257.92,31.11
357,2034,9,198.69,324.92,208737.47,30.35
358,1454,6,55.77,102.75,102175.84,29.33
359,42,3,76.63,131.8,198239.72,24.43
360,1905,9,165.58,270.77,208567.42,26.88
361,592,2,214.53,381.91,149338.72,26.65
362,1248,5,121.18,223.25,238689.24,30.75
363,1967,10,92.45,151.18,191854.94,26.43
364,61,3,228.64,393.26,198811.41,22.84
365,1901,10,264.4,432.37,192455.28,30.67
366,330,2,242.25,416.67,149423.09,30.09
367,503,1,230.55,410.43,120581.67,28.64
368,616,1,286.11,509.33,120811.33,28.58
369,1285,5,80.14,147.64,238580.79,27.74
370,973,5,223.72,398.22,239217.36,28.82
371,1071,6,120.28,214.1,102312.67,30.52
372,580,1,289.26,514.94,120827.69,28.9
373,652,4,62.04,110.44,238380.14,13.33
374,517,2,90.36,160.86,148939.95,28.81
375,746,6,202.61,360.65,102714.03,26.1
376,1600,9,96.86,22.96,208360.51,27.68
377,1747,10,102.34,161.7,191851.89,29.25
378,1346,6,118.14,217.65,102389.74,29.98
379,324,4,37.76,64.95,238175.72,12.04
380,1385,5,58.24,107.3,238543.21,30.63
381,1263,8,89.22,164.37,95429.7,11.49
382,888,5,110.51,196.71,238799.78,28.04
383,682,3,70.69,125.84,198225.47,22.54
384,217,1,218.3,375.48,120413.25,27.11
385,267,2,140.14,241.04,149097.09,30.12
386,1007,5,126.51,225.19,238754.61,32.1
387,108,2,217.49,374.08,149470.01,27.01
388,134,2,134.89,232.01,148988.59,28.99
389,132,3,192.39,115.82,198663.92,23.9
390,1745,9,271.84,429.51,208760.38,31.53
391,1783,10,230.58,364.32,192313.35,26.75
392,1326,5,113.15,208.46,238720.49,28.71
393,1585,11,147.63,233.26,123714.7,22.55
394,2029,9,248.34,406.11,208958.63,28.81
395,879,7,93.47,166.38,189183.48,23.72
396,2109,9,106.23,173.72,208299.56,30.36
397,281,2,212.44,365.4,149324.17,26.39
398,287,1,241.7,145.5,120589.98,30.02
399,1822,10,183.93,290.61,192117.07,29.85
400,198,1,124.71,214.5,120194.84,26.8
401,356,2,230.84,397.04,149539.1,28.67
402,1048,5,87.89,156.44,238621.56,30.42
403,1784,9,196.2,310.0,208679.51,29.97
404,337,2,128.83,221.59,149090.44,27.69
405,1685,12,107.22,59.29,140864.77,12.44
406,317,3,74.55,128.23,198211.02,23.77
407,108,3,180.21,309.96,198868.78,22.38
408,314,2,223.96,385.21,149294.91,27.82
409,1168,5,107.35,197.77,238688.95,27.24
410,364,1,151.25,260.15,120054.55,32.51
411,1296,6,78.43,144.49,102274.32,27.14
412,698,2,208.79,371.69,149483.62,25.93
413,28,2,137.33,35.43,148989.03,29.51
414,1145,6,52.5,96.72,102151.22,27.61
415,1955,9,108.02,176.65,208338.36,30.87
416,645,1,296.92,528.58,120853.77,29.66
417,432,2,121.84,216.9,149134.66,26.18
418,1956,10,224.12,366.5,192344.52,26.0
419,1373,5,52.26,96.28,238500.43,27.48
420,1527,12,42.16,66.61,140374.96,12.05
421,608,3,64.52,114.86,198265.39,20.57
422,2070,11,194.94,111.57,123876.46,22.61
423,1263,5,127.63,235.13,238787.26,32.39
424,1843,9,97.21,158.97,208258.46,27.79
425,1131,8,38.22,70.41,94869.11,13.23
426,705,1,317.73,565.62,120789.49,31.74
427,1341,7,158.51,292.02,189536.21,20.42
428,1343,5,83.58,153.98,238624.78,28.92
429,344,2,95.22,163.78,148941.42,30.36
430,1121,6,55.33,101.93,102182.92,29.1
431,1463,12,79.83,126.13,140583.47,12.96
432,1011,5,126.49,225.15,238684.69,32.1
433,1227,5,59.25,109.16,238525.66,31.16
434,531,1,259.25,461.52,120416.18,32.2
435,2152,11,136.96,223.97,123592.79,22.23
436,2005,9,94.14,153.95,208271.72,26.91
437,1205,7,41.95,77.28,188966.4,22.06
438,1489,10,99.63,157.42,191864.5,28.48
439,1555,11,136.51,215.69,123527.33,22.16
440,677,3,185.02,115.28,198797.2,22.98
441,1268,8,39.16,72.14,94800.26,13.55
442,1673,10,164.37,259.7,192219.34,26.68
443,1322,5,61.25,112.84,238531.73,32.21
444,1030,6,205.09,365.06,102764.49,26.42
445,1970,9,193.4,110.69,208706.97,29.54
446,595,1,102.93,183.24,119994.81,32.82
447,451,4,99.44,61.96,238605.97,12.35
448,779,5,54.51,97.03,238485.43,28.67
449,1134,6,57.74,106.37,102177.83,30.37
450,251,2,243.88,146.82,149461.29,30.29
451,1666,10,267.96,148.18,192316.75,31.09
452,836,5,220.39,392.29,239062.38,28.39
453,693,3,189.13,336.69,198894.36,23.49
454,1863,11,143.22,234.21,123669.47,21.88
455,482,1,230.48,143.61,120465.06,28.63
456,2110,9,111.87,182.94,208246.72,31.98
457,199,2,96.0,165.12,148949.18,30.61
458,877,6,59.58,106.05,102117.85,31.33
459,1726,11,78.32,123.75,123347.07,22.39
460,439,2,89.81,159.88,148869.63,28.64
461,630,1,309.63,551.2,120716.94,30.93
462,286,1,245.88,422.91,120433.83,30.54
463,302,3,103.09,177.31,198447.28,22.16
464,1198,6,57.37,105.69,102149.46,30.17
465,462,3,113.03,201.22,198355.24,24.29
466,942,6,58.13,103.47,102183.47,30.57
467,1010,6,55.93,99.56,102141.54,29.42
468,868,6,55.7,99.15,102124.16,29.29
469,1560,12,100.18,158.28,140903.01,11.62
470,1483,9,108.93,172.11,208291.35,31.14
471,1527,9,204.13,322.53,208708.21,31.18
472,1745,11,133.04,210.2,123676.52,21.59
473,991,5,126.18,224.6,238791.41,32.02
474,188,1,146.11,251.31,120093.02,31.4
475,1429,7,40.32,74.28,188965.3,21.2
476,989,6,225.11,400.7,102848.7,29.0
477,1808,9,182.11,287.73,208719.03,27.81
478,2025,10,240.55,137.68,192340.63,27.91
479,1460,6,107.9,198.78,102313.86,27.38
480,1236,7,63.62,117.21,189113.03,22.02
481,377,2,213.12,132.79,149389.71,26.47
482,1408,5,224.27,413.17,239174.61,28.89
483,1094,6,52.49,93.43,102180.44,27.61
484,1680,10,198.55,109.8,192211.91,30.33
485,1232,8,50.64,93.29,94919.32,12.85
486,827,5,218.53,388.98,239055.77,28.15
487,581,1,151.72,270.09,120058.45,32.61
488,2038,10,110.09,180.03,191868.43,31.47
489,2062,9,252.08,412.23,208952.45,29.24
490,124,4,37.99,65.34,238136.87,12.11
491,323,4,127.34,219.02,238789.93,12.72
492,1852,12,103.17,168.71,140987.11,11.97
493,1834,10,192.74,315.19,192224.71,29.44
494,1478,10,95.49,150.87,191825.48,27.29
495,1623,10,184.74,291.89,192089.17,29.98
496,230,4,57.61,14.86,238256.91,12.38
497,103,1,249.17,428.57,120424.58,30.95
498,102,2,252.79,434.8,149374.08,31.4
499,451,2,99.97,177.97,148949.64,31.87
500,410,1,84.13,149.77,119938.03,26.83
501,1690,12,42.94,67.85,140354.9,12.27
502,1159,6,87.22,160.69,102297.79,30.19
503,1401,6,51.52,94.92,102117.91,27.09
504,922,6,53.38,95.02,102173.64,28.07
505,805,6,52.21,92.93,102121.5,27.46
506,290,3,100.94,173.62,198425.6,21.69
507,1050,6,50.76,90.35,102169.02,26.7
508,1249,7,60.61,111.66,189130.04,20.98
509,1350,7,90.04,165.88,189225.31,22.85
510,251,2,221.77,381.44,149446.25,27.54
511,1222,6,120.51,222.02,102415.22,30.58
512,861,8,21.75,38.72,94723.26,11.44
513,494,1,296.83,528.42,120609.71,29.65
514,1978,9,94.22,154.08,208291.11,26.93
515,1792,10,183.33,289.66,192110.01,29.76
516,2029,12,47.41,77.53,140401.31,13.55
517,24,1,293.37,504.6,120854.66,29.31
518,102,3,189.63,326.16,198894.76,23.55
519,995,5,225.74,401.82,239253.56,29.08
520,1032,6,51.52,91.71,102138.01,27.1
521,1536,9,203.44,321.44,208530.63,31.07
522,1264,6,49.42,91.05,102152.54,25.99
523,1073,5,233.3,415.27,239129.2,30.05
524,82,2,245.46,422.19,149506.17,30.49
525,119,3,167.6,288.27,198665.45,20.82
526,1400,6,55.72,102.65,102174.01,29.3
527,1129,5,91.12,167.87,238620.28,31.53
528,643,1,129.17,229.95,120145.0,27.76
529,789,6,120.52,214.53,102419.96,30.58
530,311,1,257.9,443.59,120466.61,32.03
531,32,1,92.26,158.69,119957.01,29.42
532,1120,8,86.63,55.86,95260.45,11.16
533,800,5,216.23,134.71,239239.87,27.86
534,912,7,39.9,71.02,188976.86,20.98
535,1349,6,104.98,193.4,102429.94,26.64
536,1349,5,59.11,108.9,238543.91,31.09
537,1088,7,182.67,325.15,189666.43,23.53
538,1061,5,92.69,164.99,238638.94,32.08
539,1484,10,172.11,95.18,192162.9,26.29
540,598,2,311.83,194.29,149802.23,31.15
541,1799,10,273.09,431.48,192510.54,31.68
542,1032,6,52.63,93.68,102123.62,27.68
543,1423,5,56.33,103.78,238532.02,29.63
544,1955,9,181.43,296.69,208520.54,27.71
545,2078,10,175.47,286.95,192248.13,26.8
546,2137,9,213.6,349.3,208583.1,32.62
547,580,2,254.62,453.27,149543.76,31.63
548,1425,7,39.77,73.27,188989.06,20.91
549,333,2,143.87,247.46,149035.14,30.92
550,1682,9,183.82,290.44,208547.92,29.84
551,1467,9,187.81,296.74,208662.99,28.69
552,2005,10,163.4,267.21,192185.07,26.52
553,1803,9,111.57,176.28,208279.77,31.89
554,597,2,315.64,561.9,149536.06,31.53
555,1811,11,143.93,79.59,123761.12,21.98
556,1310,5,106.72,196.61,238727.97,27.08
557,1347,6,227.29,418.74,102743.74,29.28
558,1433,6,225.26,415.0,102859.93,29.02
559,306,1,235.2,404.54,120463.7,29.21
560,1523,12,82.62,130.54,140750.45,12.62
561,1582,9,178.44,281.94,208647.48,27.25
562,2083,9,191.42,313.03,208618.83,29.24
563,160,2,299.08,514.42,149562.69,29.88
564,436,2,133.84,238.26,149101.39,28.76
565,1891,10,262.84,429.82,192339.24,30.49
566,1639,10,172.38,272.36,192071.98,27.98
567,1288,6,79.81,147.03,102297.73,27.62
568,1041,5,58.09,103.4,238529.84,30.55
569,674,3,198.02,352.52,198775.36,24.6
570,867,7,42.05,74.85,188988.31,22.11
571,674,2,283.37,176.56,149558.5,28.31
572,2043,9,108.43,177.32,208299.09,30.99
573,971,8,95.59,170.15,95241.17,12.31
574,750,5,51.79,92.19,238497.33,27.24
575,1058,5,123.13,219.17,238793.5,31.25
576,1939,10,270.91,443.02,192376.43,31.43
577,1421,5,115.93,213.58,238797.66,29.42
578,426,3,74.89,133.32,198271.5,23.88
579,1689,9,197.87,312.63,208610.32,32.12
580,1397,6,105.15,193.72,102334.41,26.68
581,622,2,97.06,172.79,148938.56,30.95
582,224,2,90.64,155.9,148926.33,28.9
583,170,4,56.7,97.52,238279.75,12.18
584,1609,10,260.85,412.14,192298.34,30.26
585,1202,7,166.46,107.33,189736.75,21.44
586,691,4,61.44,109.38,238278.95,13.21
587,1013,6,53.1,94.52,102119.1,27.93
588,2119,9,98.23,160.64,208363.96,28.08
589,1249,6,49.4,91.01,102160.69,25.98
590,1190,7,67.66,124.65,189082.48,23.42
591,807,5,90.44,160.98,238599.68,31.3
592,1096,5,57.4,102.17,238511.17,30.19
593,1012,5,254.82,158.75,239031.98,32.83
594,556,2,98.44,175.24,148905.66,31.39
595,442,2,134.84,240.04,149069.12,28.98
596,1499,11,83.94,132.63,123343.04,23.99
597,628,2,139.92,249.09,149045.48,30.07
598,229,3,108.73,187.02,198403.19,23.37
599,336,1,256.61,441.37,120556.08,31.87
600,1155,5,252.23,464.68,239075.32,32.49
601,1640,9,164.67,260.18,208651.62,26.73
602,377,1,85.84,152.81,119993.98,27.37
603,1936,10,260.85,426.57,192322.27,30.26
604,1262,6,237.4,437.36,102692.61,30.58
605,938,6,90.35,160.82,102235.32,31.27
606,936,5,114.63,204.04,238768.47,29.09
607,726,3,72.87,129.72,198195.96,23.24
608,2145,10,195.04,318.95,192158.26,31.66
609,1315,7,98.33,27.17,189245.2,24.95
610,105,2,124.56,214.24,149072.52,26.77
611,2106,9,99.44,162.61,208267.45,28.42
612,613,1,149.56,266.25,120046.26,32.14
613,396,2,235.56,419.34,149558.94,29.26
614,2155,10,180.71,295.52,192311.59,27.6
615,1932,9,264.2,432.05,208768.17,30.65
616,1366,6,125.67,231.52,102393.26,31.89
617,986,5,108.83,193.72,238745.07,27.62
618,1692,10,170.68,269.67,192119.3,26.07
619,2031,9,252.48,412.88,208716.27,29.29
620,1847,10,105.98,173.31,191879.59,30.29
621,138,2,84.22,144.86,148887.58,26.85
622,1136,6,203.64,375.17,102749.76,26.23
623,819,6,112.43,200.13,102414.01,28.53
624,1364,5,119.99,221.06,238780.99,30.45
625,2181,10,186.9,305.64,192257.67,30.34
626,436,2,82.11,146.17,148879.47,26.18
627,675,3,247.18,440.03,198946.8,24.69
628,1235,5,129.13,237.9,238765.8,32.77
629,843,7,43.83,78.02,188987.0,23.05
630,329,1,149.23,256.68,120084.85,32.07
631,1307,5,121.86,224.5,238755.08,30.92
632,1698,10,190.82,301.5,192260.3,29.14
633,2035,9,102.81,168.13,208300.88,29.39
634,1369,5,108.84,200.52,238734.35,27.62
635,1962,11,149.94,245.2,123739.97,22.9
636,851,6,58.83,104.72,102178.59,30.94
637,1242,5,251.45,463.25,239264.7,32.39
638,67,4,41.28,71.0,238197.46,13.16
639,995,7,69.28,123.32,189122.78,23.98
640,1678,10,206.6,326.43,192180.86,31.56
641,87,3,107.33,184.61,198458.92,23.07
642,655,2,280.1,498.63,149783.05,27.98
643,1314,5,214.03,138.01,239059.18,27.57
644,1535,10,190.87,301.57,192075.5,30.98
645,1520,9,281.77,155.82,208845.49,32.69
646,1638,10,243.98,385.49,192322.94,28.3
647,2188,9,104.24,170.46,208332.49,29.79
648,1064,5,80.62,143.5,238598.63,27.9
649,2116,10,176.13,288.03,192216.98,28.59
650,2102,12,75.66,123.73,140586.01,12.28
651,457,1,140.0,249.23,120114.78,30.09
652,322,2,256.1,440.49,149377.4,31.81
653,51,1,124.88,214.79,120126.14,26.84
654,1273,5,89.08,164.11,238648.88,30.83
655,1135,7,91.62,168.79,189149.74,23.25
656,285,3,197.18,339.15,198720.22,24.49
657,517,2,94.76,168.69,148872.99,30.21
658,1819,9,199.17,314.69,208591.26,30.42
659,1056,6,218.43,388.81,102792.15,28.14
660,1584,10,266.6,147.43,192495.62,30.93
661,1761,9,178.48,282.0,208494.95,28.97
662,1559,10,194.48,307.28,192138.61,31.57
663,537,1,248.16,441.77,120467.68,30.82
664,783,6,106.01,188.7,102396.07,26.9
665,2082,10,98.75,161.49,191854.57,28.23
666,1115,6,57.59,106.1,102164.57,30.29
667,1334,6,51.65,95.15,102126.73,27.16
668,696,1,253.21,450.76,120544.83,31.45
669,847,6,230.7,410.65,102894.57,29.72
670,133,3,109.34,188.06,198424.46,23.5
671,1343,5,114.59,211.11,238667.01,29.08
672,656,1,238.49,148.6,120511.35,29.62
673,535,1,267.55,166.7,120749.21,26.73
674,2072,9,102.73,167.99,208302.7,29.36
675,2127,10,170.52,278.85,192323.72,26.05
676,2045,9,178.36,291.67,208668.88,28.95
677,34,1,128.73,221.42,120118.62,27.66
678,1377,5,116.37,214.39,238707.49,29.53
679,182,1,248.87,428.06,120413.06,30.91
680,1102,8,95.09,175.18,95313.58,12.25
681,1164,6,84.69,156.02,102215.98,29.31
682,109,1,101.97,175.39,119922.41,32.51
683,496,1,95.53,170.06,119918.63,30.46
684,1766,10,189.88,300.01,192221.33,30.82
685,1102,6,112.04,206.41,102350.71,28.43
686,2151,11,73.06,119.48,123382.16,20.88
687,1325,7,40.79,75.15,188987.08,21.45
688,857,5,111.82,199.04,238668.37,28.38
689,456,2,81.66,145.37,148901.7,26.04
690,1990,12,101.82,166.51,140762.19,11.81
691,913,6,103.13,183.57,102384.64,26.17
692,807,8,88.83,158.12,95449.19,11.44
693,900,5,125.3,223.03,238686.69,31.8
694,1502,9,266.11,147.16,208855.51,30.87
695,1105,7,61.57,113.43,189095.08,21.31
696,59,2,218.2,375.3,149566.44,27.1
697,1513,10,176.52,97.62,192301.51,26.96
698,495,3,67.64,120.41,198196.98,21.57
699,969,7,84.01,149.54,189149.07,21.32
700,1765,10,180.26,284.81,192168.42,27.53
701,839,6,74.91,133.34,102251.39,25.93
702,1250,5,123.99,228.43,238764.81,31.46
703,341,4,125.23,75.39,238967.5,12.51
704,704,2,285.37,508.02,149690.38,28.51
705,1740,10,90.54,143.05,191892.86,25.88
706,1084,5,233.5,415.63,239172.33,30.08
707,2087,11,204.15,116.85,123918.0,23.68
708,241,2,317.26,545.69,149592.2,31.7
709,303,3,164.94,283.7,198782.51,20.49
710,2028,11,161.87,92.65,123593.98,24.72
711,588,1,94.15,167.61,119995.3,30.02
712,69,1,140.51,241.68,120172.07,30.2
713,1052,5,53.52,95.27,238493.92,28.15
714,844,6,113.9,202.74,102333.78,28.9
715,1067,6,123.95,220.63,102380.68,31.45
716,635,1,83.82,149.22,119909.58,26.73
717,289,1,141.2,242.86,120064.68,30.35
718,2077,10,174.99,286.16,192235.26,28.4
719,925,7,163.15,101.64,189496.56,21.02
720,1581,11,145.86,230.46,123590.44,22.28
721,998,5,111.9,199.18,238783.94,28.4
722,296,2,252.53,434.35,149486.99,31.37
723,454,2,91.31,162.55,148878.42,29.11
724,1456,6,108.16,199.26,102335.04,27.45
725,1293,6,106.52,196.24,102320.47,27.03
726,100,2,85.62,147.27,148913.41,27.3
727,1380,5,224.36,413.34,239204.55,28.9
728,1282,6,120.76,222.48,102370.4,30.64
729,1411,6,54.72,100.81,102150.3,28.78
730,2131,11,81.22,132.82,123321.88,23.22
731,1165,7,46.61,85.87,188991.16,24.51
732,483,1,241.36,429.67,120585.03,29.98
733,75,1,152.53,262.35,120123.52,32.78
734,648,3,74.02,131.77,198266.76,23.6
735,677,1,258.21,459.67,120408.39,32.07
736,1046,5,85.28,151.8,238653.88,29.51
737,1808,11,161.82,38.35,123606.08,24.72
738,8,1,91.77,157.84,120004.25,29.26
739,1645,9,282.03,445.61,208958.86,32.72
740,1750,11,145.95,230.6,123535.42,23.69
741,314,1,290.61,499.85,120632.64,29.03
742,1364,6,82.19,151.42,102280.25,28.44
743,925,5,230.45,143.57,239156.68,29.69
744,414,3,70.46,125.43,198264.71,22.47
745,2138,10,169.43,277.07,192219.19,27.5
746,132,2,255.91,440.17,149386.2,31.79
747,920,5,216.17,384.78,239271.23,27.85
748,1940,10,169.76,97.16,192169.98,25.93
749,367,2,85.49,152.19,148928.07,27.26
750,1684,9,194.92,307.97,208562.66,29.77
751,946,7,60.02,106.84,189082.84,20.77
752,649,2,301.47,536.68,149763.15,30.12
753,907,5,221.79,138.18,239269.09,28.57
754,1511,10,109.64,173.23,191907.02,31.34
755,1042,5,90.67,161.39,238584.5,31.38
756,647,1,151.32,40.41,120090.52,32.52
757,1400,7,95.81,176.51,189187.05,24.31
758,1389,7,41.9,77.19,188961.11,22.03
759,864,6,217.23,135.33,102717.4,27.98
760,1927,9,195.9,320.36,208679.9,31.8
761,564,1,281.38,175.32,120689.98,28.11
762,634,2,217.04,135.23,149378.39,26.96
763,1990,10,225.65,369.01,192321.11,26.18
764,1354,5,207.72,133.94,239266.16,26.76
765,1044,5,256.03,455.73,239015.51,32.98
766,1914,10,184.39,301.53,192217.97,29.93
767,1609,10,270.26,427.01,192316.37,31.35
768,1471,9,165.92,262.15,208625.88,26.93
769,649,3,170.91,304.25,198875.89,21.23
770,266,3,74.28,127.76,198199.3,23.68
771,2000,9,240.68,393.58,208765.04,27.92
772,1257,5,115.72,213.19,238776.96,29.37
773,1844,9,176.39,288.45,208572.4,28.63
774,1546,10,107.76,170.26,191907.36,30.8
775,1460,8,51.3,94.51,94976.12,13.02
776,1675,9,235.42,371.96,208859.53,27.31
777,442,2,124.42,221.49,149051.84,26.74
778,494,3,218.68,136.25,198886.91,21.85
779,1704,9,258.4,142.9,208794.21,29.98
780,165,1,153.23,263.56,120125.13,32.93
781,1127,7,45.11,83.11,189003.27,23.72
782,1350,5,88.59,163.21,238671.09,30.66
783,1510,11,213.55,337.41,123850.15,24.77
784,857,6,78.39,139.53,102295.27,27.13
785,1515,9,239.97,379.15,208845.0,27.84
786,850,5,55.12,98.11,238527.65,28.99
787,821,6,107.44,191.24,102382.41,27.26
788,1948,10,101.55,166.06,191887.42,29.03
789,320,1,150.32,258.55,120106.28,32.31
790,16,1,297.04,178.82,120708.51,29.67
791,356,2,83.38,143.41,148862.26,26.58
792,1186,8,23.57,6.51,94731.19,12.4
793,1032,5,110.02,195.84,238755.65,27.92
794,291,1,137.75,236.93,120061.43,29.6
795,501,2,231.36,411.87,149399.11,28.74
796,1267,6,109.71,202.12,102373.62,27.84
797,948,7,93.22,165.93,189151.26,23.66
798,1269,6,53.86,99.23,102120.93,28.33
799,451,2,133.06,236.87,149073.06,28.6
800,351,3,106.2,182.66,198363.5,22.82
801,1376,6,53.1,97.83,102139.8,27.92
802,2058,11,130.38,213.21,123589.19,21.16
803,1322,6,202.23,372.57,102759.26,26.05
804,1947,10,174.63,285.57,192220.45,26.67
805,55,3,66.07,113.64,198240.16,21.07
806,243,4,110.01,189.22,238655.73,13.66
807,347,2,100.09,172.15,148849.29,31.91
808,1994,9,211.56,345.96,208601.21,32.31
809,615,4,62.58,111.4,238259.18,13.45
810,578,2,98.45,175.26,148946.69,31.39
811,518,3,103.5,184.25,198341.06,22.24
812,1813,9,175.18,276.78,208596.84,28.43
813,840,6,57.59,102.51,102147.04,30.29
814,1113,7,43.83,80.75,188983.76,23.05
815,1979,10,181.77,297.25,192275.88,29.5
816,198,1,137.68,236.81,120097.18,29.59
817,1900,11,189.06,309.17,123744.99,21.93
818,2135,10,168.87,276.15,192274.12,27.41
819,2018,10,95.6,156.33,191838.74,27.33
820,1277,7,87.67,161.51,189138.03,22.25
821,1647,9,175.17,96.87,208570.09,26.75
822,876,6,82.17,146.26,102216.17,28.44
823,1034,5,105.39,187.59,238762.26,26.74
824,2011,10,183.12,299.46,192114.67,29.72
825,1003,7,81.89,145.76,189225.46,20.78
826,482,2,81.57,145.21,148910.16,26.01
827,1917,10,106.16,173.6,191844.69,30.34
828,362,1,129.9,223.43,120154.15,27.92
829,1357,6,108.45,199.8,102365.72,27.52
830,6,3,224.02,385.31,198821.85,22.38
831,55,1,316.43,190.49,120771.61,31.61
832,1658,9,202.02,319.19,208564.81,32.79
833,746,5,60.8,108.22,238493.82,31.98
834,1787,10,223.66,123.68,192434.98,25.95
835,1717,10,248.02,391.87,192371.99,28.77
836,574,1,84.3,150.07,120007.21,26.88
837,1368,5,118.35,218.04,238705.9,30.03
838,2165,10,175.42,286.86,192095.92,28.47
839,31,3,170.1,292.57,198677.0,21.13
840,13,3,243.73,146.73,198876.22,24.35
841,2083,11,157.25,90.0,123718.15,24.02
842,1815,9,112.33,177.48,208323.46,32.11
843,1763,10,235.74,372.47,192519.09,27.35
844,805,6,101.72,181.06,102356.05,25.81
845,585,3,70.73,125.91,198291.61,22.55
846,806,7,38.54,68.6,188970.59,20.27
847,425,3,115.82,206.18,198395.73,24.89
848,1413,6,58.95,108.6,102144.38,31.0
849,382,2,243.42,433.34,149521.2,30.23
850,1609,9,284.54,449.57,208728.78,33.01
851,1676,9,195.58,108.16,208687.28,29.87
852,1674,11,206.05,325.56,123967.57,23.9
853,1131,5,58.79,108.31,238519.42,30.92
854,2153,12,42.55,69.58,140313.1,12.16
855,1684,10,259.33,409.74,192585.43,30.08
856,676,1,137.91,245.51,120133.54,29.64
857,596,1,300.01,534.08,120677.6,29.97
858,1729,10,158.89,251.05,192220.84,25.79
859,2162,9,203.29,332.44,208693.56,33.0
860,1799,10,98.49,155.61,191874.55,28.15
861,297,3,200.92,345.58,198700.55,24.96
862,546,1,330.69,588.69,120840.73,33.04
863,1736,9,259.26,409.63,208939.5,30.08
864,1243,5,80.36,148.05,238622.63,27.81
865,1919,9,234.0,133.93,208828.47,27.15
866,1497,9,193.37,106.93,208706.78,29.53
867,628,3,73.07,130.08,198285.6,23.3
868,1614,9,196.91,311.12,208709.42,30.07
869,1990,11,139.08,227.44,123521.29,22.57
870,1948,10,244.37,399.62,192396.27,28.35
871,1353,6,122.87,226.36,102410.66,31.18
872,198,1,126.02,216.75,120135.65,27.08
873,2149,11,145.72,238.3,123545.45,23.65
874,601,2,230.32,410.02,149506.14,28.61
875,356,1,250.48,430.83,120353.29,31.11
876,1035,6,55.16,98.18,102140.04,29.01
877,441,2,135.77,36.25,149145.37,29.18
878,923,5,80.24,142.83,238593.4,27.77
879,1345,6,124.61,229.57,102413.95,31.62
880,16,3,71.49,122.96,198293.7,22.79
881,1466,11,129.41,204.47,123663.31,21.0
882,882,5,56.72,100.96,238484.43,29.83
883,1341,5,52.38,96.5,238524.22,27.55
884,1015,6,121.33,215.97,102436.48,30.79
885,1184,6,81.86,150.81,102299.85,28.33
886,1675,10,182.0,100.65,192193.82,27.8
887,1464,10,236.52,373.7,192551.67,27.44
888,1859,10,269.05,153.99,192305.95,31.21
889,141,1,148.72,255.8,120069.08,31.96
890,234,3,113.52,195.25,198461.08,24.4
891,1895,9,171.83,280.99,208521.32,27.89
892,698,2,135.8,241.75,149094.72,29.18
893,8,1,92.68,159.41,119963.14,29.55
894,79,2,279.86,481.36,149646.9,27.96
895,173,3,73.25,125.99,198244.72,23.35
896,1072,5,59.11,105.22,238534.66,31.09
897,896,7,83.54,148.7,189231.11,21.2
898,1468,10,110.79,175.05,191928.42,31.67
899,1358,5,255.62,470.93,239059.36,32.93
900,49,2,223.76,384.87,149367.67,27.79
901,703,2,139.13,247.68,149073.99,29.9
902,1383,5,250.3,69.17,239054.6,32.24
903,1801,9,171.77,271.4,208556.77,27.88
904,1412,7,183.27,337.64,189624.03,23.61
905,448,2,92.44,164.56,148911.42,29.47
906,1563,11,130.75,206.59,123689.97,21.22
907,1856,9,175.8,287.49,208586.65,28.53
908,1159,5,59.1,16.33,238491.4,31.08
909,1320,5,58.8,108.33,238501.97,30.92
910,2141,9,169.83,277.72,208628.95,27.57
911,21,1,144.18,247.99,120194.49,30.98
912,1719,12,103.69,163.83,140805.32,12.03
913,1870,9,166.72,272.64,208631.81,27.06
914,1237,5,129.37,238.34,238726.51,32.83
915,1094,6,120.26,32.11,102433.2,30.52
916,2143,12,40.86,66.82,140304.36,11.68
917,472,1,134.93,240.2,120197.09,29.0
918,1338,7,68.34,125.9,189060.16,23.65
919,292,2,138.1,237.53,149053.76,29.68
920,849,5,78.59,139.89,238660.77,27.2
921,1258,6,55.48,102.21,102139.04,29.18
922,1077,5,54.65,97.28,238496.86,28.74
923,1747,9,180.21,284.73,208568.26,29.25
924,1480,9,212.21,335.29,208708.82,32.41
925,1178,7,81.01,149.24,189197.4,20.56
926,1394,5,55.66,102.54,238530.18,29.27
927,257,2,210.46,126.7,149512.86,26.14
928,710,3,238.61,424.77,198883.59,23.84
929,1313,6,219.92,405.16,102647.12,28.33
930,1088,6,54.56,97.12,102144.2,28.69
931,1436,6,231.78,427.01,102763.04,29.86
932,1850,10,110.23,180.26,191880.81,31.51
933,991,6,246.81,153.76,102868.73,31.79
934,1492,9,275.09,434.64,208959.75,31.91
935,1079,5,115.08,204.84,238733.62,29.2
936,1313,5,51.83,95.49,238531.76,27.26
937,1795,11,196.78,310.91,123759.19,22.83
938,2120,9,104.12,170.27,208334.75,29.76
939,490,3,70.77,125.98,198229.68,22.56
940,871,7,38.82,69.1,188998.37,20.42
941,224,1,125.5,215.86,120100.2,26.97
942,685,4,132.17,235.29,239041.12,13.2
943,117,1,139.19,239.41,120061.74,29.91
944,1232,6,121.63,224.08,102365.24,30.87
945,1507,9,115.17,181.97,208295.27,32.92
946,827,5,230.81,410.84,239152.56,29.73
947,988,5,255.0,453.9,239254.22,32.85
948,1017,5,255.9,455.5,239110.1,32.96
949,1004,6,55.27,98.38,102123.35,29.07
950,2155,11,83.33,136.27,123387.46,23.82
951,91,2,141.27,242.98,149078.74,30.36
952,1557,9,281.78,155.82,208823.3,32.69
953,809,7,59.03,105.07,189071.62,20.43
954,1360,6,81.04,149.3,102305.73,28.05
955,1752,9,187.19,295.76,208746.03,28.59
956,873,6,78.05,138.93,102267.78,27.01
957,690,3,201.01,357.84,198690.57,24.97
958,989,6,108.08,192.38,102422.88,27.43
959,19,2,250.28,430.48,149324.85,31.09
960,1334,5,55.35,101.97,238489.58,29.11
961,2086,10,183.44,299.98,192103.47,29.77
962,112,4,41.48,71.35,238111.29,13.23
963,1238,5,93.38,172.03,238667.17,32.32
964,1693,11,77.32,122.17,123365.16,22.1
965,1454,5,116.33,214.31,238797.36,29.52
966,859,6,209.51,372.93,102680.77,26.99
967,66,1,214.95,129.4,120388.33,26.7
968,1400,5,235.01,151.54,239090.26,30.27
969,519,2,146.55,260.89,149063.51,31.5
970,1717,9,108.67,171.7,208336.49,31.06
971,1572,11,85.68,135.37,123281.5,24.49
972,1864,10,99.76,163.14,191921.73,28.51
973,1722,10,222.48,351.52,192339.73,25.81
974,1251,7,45.36,83.57,189010.51,23.85
975,496,1,258.14,459.54,120358.94,32.06
976,487,2,256.84,457.23,149455.39,31.9
977,70,2,145.48,250.23,149061.81,31.27
978,322,2,120.19,206.73,149074.1,25.83
979,1434,5,129.94,239.39,238728.67,32.97
980,1961,9,204.26,116.91,208674.91,31.2
981,1312,6,78.91,145.38,102262.46,27.31
982,38,3,68.04,117.03,198272.75,21.7
983,1065,6,58.29,103.76,102158.2,30.66
984,1453,6,112.85,207.9,102374.25,28.64
985,1826,10,184.08,290.85,192266.05,29.88
986,1128,6,82.15,151.34,102300.66,28.43
987,1477,10,202.39,319.78,192260.28,30.91
988,1802,11,143.69,227.03,123639.17,23.32
989,1139,5,129.83,239.19,238769.78,32.95
990,131,2,146.09,251.27,149006.02,31.4
991,1394,7,176.52,325.2,189669.3,22.74
992,1881,9,201.55,115.36,208715.28,30.78
993,735,5,122.08,217.3,238727.35,30.98
994,69,1,89.82,154.49,119905.08,28.64
995,1754,10,225.02,355.53,192571.92,26.1
996,1532,11,132.36,209.13,123561.08,21.48
997,1745,10,274.16,151.61,192333.25,31.8
998,354,2,89.8,154.46,148864.94,28.63
999,1891,10,256.0,418.64,192368.06,29.7
1000,928,6,55.57,98.91,102129.18,29.23
1001,973,6,242.36,431.4,102859.52,31.22
1002,186,2,128.58,221.16,149090.24,27.63
1003,50,3,223.92,385.14,198951.03,22.37
1004,784,5,58.64,104.38,238494.35,30.84
1005,166,1,143.06,246.06,120106.31,30.75
1006,1034,6,89.67,159.61,102217.25,31.03
1007,452,1,237.38,422.58,120566.37,29.48
1008,921,6,125.43,223.27,102394.37,31.83
1009,2126,10,181.8,104.05,192308.0,27.77
1010,1761,10,201.49,318.35,192151.02,30.78
1011,1126,5,60.41,111.29,238535.32,31.77
1012,920,6,108.1,192.42,102329.87,27.43
1013,656,1,295.22,78.83,120837.7,29.49
1014,1418,8,25.59,47.14,94688.52,13.46
1015,1940,10,108.83,177.97,191860.94,31.11
1016,1387,5,254.02,163.79,239026.06,32.72
1017,1783,12,43.44,68.64,140314.09,12.42
1018,860,5,62.79,111.77,238525.21,33.02
1019,849,5,83.64,148.88,238594.84,28.95
1020,1174,5,119.82,220.74,238697.29,30.41
1021,257,2,133.99,230.46,149024.5,28.8
1022,450,3,172.04,306.27,198814.35,21.37
1023,1130,6,77.68,143.11,102269.91,26.88
1024,619,1,234.25,145.95,120601.02,29.1
1025,2015,10,193.36,316.2,192116.8,29.53
1026,501,1,282.96,503.73,120694.8,28.27
1027,1765,11,71.99,113.74,123324.75,20.58
1028,464,2,144.83,257.83,149023.26,31.13
1029,1442,5,50.79,93.57,238494.95,26.71
1030,482,3,66.62,118.6,198241.28,21.24
1031,1460,7,91.87,169.25,189170.96,23.31
1032,1769,10,172.59,272.69,192193.76,28.01
1033,268,3,99.92,171.86,198471.0,21.47
1034,1870,10,267.07,152.86,192447.53,30.98
1035,2174,10,90.64,148.22,191884.67,25.91
1036,51,2,91.69,157.71,148924.32,29.24
1037,1071,6,89.23,158.83,102223.7,30.88
1038,820,6,114.89,204.5,102426.29,29.16
1039,1944,11,180.33,103.21,123745.43,20.92
1040,1437,6,206.7,380.8,102719.16,26.63
1041,142,3,213.86,367.84,199007.54,21.37
1042,777,6,231.8,144.41,102737.32,29.86
1043,808,5,58.18,103.56,238495.43,30.6
1044,38,2,120.8,207.78,149096.66,25.96
1045,25,1,96.72,166.36,119920.39,30.84
1046,398,2,145.86,259.66,149142.78,31.35
1047,428,1,263.1,468.37,120357.54,32.68
1048,1362,6,106.25,195.74,102392.51,26.96
1049,808,7,170.34,303.21,189624.06,21.94
1050,517,2,130.85,232.94,148987.02,28.12
1051,1616,9,94.15,148.76,208300.39,26.91
1052,888,5,111.45,198.38,238713.54,28.28
1053,1793,10,99.39,157.04,191940.97,28.41
1054,300,1,135.95,233.83,120089.78,29.22
1055,1174,6,57.21,105.4,102134.48,30.09
1056,2187,9,189.31,309.58,208630.2,28.91
1057,681,2,142.87,254.34,148988.15,30.7
1058,579,1,236.09,420.29,120411.37,29.32
1059,1559,10,240.98,380.75,192479.25,27.95
1060,314,2,83.52,143.65,148932.31,26.63
1061,1484,10,227.97,360.19,192409.99,26.45
1062,1800,9,100.22,158.35,208246.43,28.65
1063,1315,5,253.56,467.13,239154.69,32.66
1064,1699,9,101.65,160.61,208246.6,29.05
1065,1929,9,192.53,110.2,208609.89,29.41
1066,104,2,88.1,151.53,148920.66,28.09
1067,1408,5,61.25,112.84,238516.82,32.21
1068,2130,9,113.32,185.31,208246.92,32.39
1069,1081,7,179.15,318.89,189547.85,23.08
1070,302,1,91.82,157.93,119920.98,29.28
1071,827,6,228.96,142.64,102849.52,29.5
1072,342,2,135.95,233.83,149065.11,29.22
1073,1876,9,177.91,290.94,208567.33,28.88
1074,1105,5,114.19,210.37,238729.87,28.98
1075,895,5,89.44,159.2,238585.21,30.95
1076,541,1,131.61,234.29,120043.44,28.28
1077,835,6,236.28,420.58,102729.73,30.44
1078,375,3,105.95,188.61,198400.66,22.77
1079,1039,6,84.37,150.18,102215.3,29.2
1080,1009,5,56.23,100.09,238497.26,29.57
1081,661,2,139.43,248.21,149049.8,29.97
1082,1463,10,181.35,286.53,192129.85,29.43
1083,386,3,112.55,200.36,198444.43,24.19
1084,1205,6,107.87,198.73,102354.76,27.37
1085,639,1,96.94,172.57,119933.22,30.91
1086,499,2,230.68,410.66,149386.11,28.65
1087,399,4,41.59,74.04,238157.34,13.26
1088,493,1,269.26,479.34,120768.66,26.9
1089,269,1,130.12,223.81,120083.3,27.96
1090,675,4,41.25,73.43,238143.59,13.15
1091,602,2,124.64,221.88,149030.08,26.79
1092,540,2,143.04,254.64,149002.32,30.74
1093,1889,10,107.65,176.04,191903.56,30.77
1094,1019,8,47.93,85.32,94930.31,12.16
1095,1734,9,230.78,127.62,208992.82,26.77
1096,1926,9,186.14,304.39,208740.08,28.43
1097,320,3,194.32,334.23,198861.47,24.14
1098,1856,9,232.07,379.5,208975.75,26.92
1099,2064,11,126.73,207.24,123580.86,20.57
1100,620,1,247.71,440.97,120448.0,30.77
1101,794,7,66.13,117.71,189084.87,22.88
1102,2178,10,192.14,314.21,192319.43,29.35
1103,2086,9,107.59,175.94,208326.46,30.75
1104,561,2,258.49,161.06,149753.15,25.82
1105,2002,9,113.2,185.12,208313.78,32.36
1106,1761,11,150.49,237.77,123620.26,24.43
1107,786,7,84.36,150.16,189263.05,21.41
1108,746,6,85.78,152.69,102294.84,29.69
1109,1029,5,57.02,101.5,238521.46,29.99
1110,2081,9,181.85,297.38,208603.78,29.52
1111,1151,6,123.32,227.19,102350.68,31.3
1112,801,5,51.81,92.22,238494.61,27.25
1113,2089,9,196.97,322.11,208730.9,30.08
1114,739,5,110.88,197.37,238770.12,28.14
1115,716,2,87.83,156.35,148876.43,28.01
1116,1201,6,113.23,208.6,102355.68,28.74
1117,1633,10,97.2,153.58,191843.44,27.78
1118,148,2,88.14,151.6,148904.05,28.1
1119,1543,9,185.47,293.04,208488.6,30.1
1120,1836,10,200.3,327.55,192321.54,30.59
1121,1127,6,105.75,194.82,102350.59,26.84
1122,1872,10,162.01,264.93,192151.84,26.3
1123,1118,7,72.07,132.77,189061.92,24.94
1124,1124,6,60.34,111.16,102127.22,31.73
1125,589,4,40.88,72.77,238145.22,13.04
1126,1769,10,170.55,269.47,192248.9,26.05
1127,1108,5,107.69,198.4,238777.87,27.33
1128,768,8,25.22,44.89,94724.22,13.27
1129,1600,10,264.58,418.04,192501.4,30.69
1130,2082,11,159.19,260.32,123565.17,24.31
1131,1966,10,107.94,176.51,191872.06,30.85
1132,2152,10,178.04,101.9,192320.08,27.19
1133,2161,10,192.8,315.29,192113.44,31.29
1134,799,6,50.68,90.21,102175.62,26.65
1135,173,3,112.24,193.05,198330.13,24.12
1136,1587,11,149.96,236.94,123725.11,22.9
1137,446,3,168.32,299.64,198823.3,20.91
1138,1319,5,56.84,104.72,238528.8,29.89
1139,1291,6,111.88,206.12,102400.3,28.39
1140,1784,11,178.43,98.67,123893.7,20.7
1141,2057,9,203.49,116.47,208525.68,31.08
1142,1221,6,52.89,97.44,102153.03,27.82
1143,1410,5,255.98,471.59,239229.95,32.97
1144,149,2,234.62,141.24,149567.38,29.14
1145,1545,9,96.66,152.72,208309.28,27.63
1146,96,2,87.59,150.65,148949.77,27.93
1147,890,7,44.42,79.07,189016.5,23.36
1148,656,1,89.65,159.59,119977.56,28.58
1149,119,1,257.37,442.68,120396.56,31.97
1150,792,7,70.98,126.34,189115.85,24.57
1151,1528,12,108.94,172.13,140751.59,12.64
1152,906,5,244.71,152.45,239112.64,31.52
1153,2079,9,98.34,160.82,208262.18,28.11
1154,741,6,81.0,144.18,102282.12,28.03
1155,450,2,93.72,166.84,148901.12,29.88
1156,1258,5,117.08,215.7,238730.75,29.71
1157,373,2,87.75,156.21,148889.75,27.98
1158,2154,9,270.86,442.94,208910.51,31.42
1159,1282,7,46.88,86.37,188986.98,24.66
1160,961,7,60.13,107.03,189143.07,20.81
1161,29,2,145.06,249.5,148985.69,31.18
1162,292,1,88.48,152.19,119949.88,28.21
1163,1290,5,115.56,212.9,238775.74,29.32
1164,890,6,111.15,197.85,102434.46,28.21
1165,572,1,252.92,450.25,120344.88,31.41
1166,147,2,275.31,473.53,149704.85,27.5
1167,1631,10,269.1,425.18,192537.54,31.22
1168,459,1,245.58,437.18,120416.48,30.5
1169,173,2,137.44,236.4,149061.8,29.54
1170,32,1,276.64,475.82,120572.27,27.64
1171,67,3,113.71,195.58,198416.0,24.44
1172,1211,6,59.02,108.73,102172.14,31.04
1173,1213,6,80.07,147.51,102212.13,27.71
1174,1197,6,55.65,102.52,102162.81,29.27
1175,529,2,256.9,457.33,149365.25,31.91
1176,1156,6,226.3,416.91,102844.19,29.15
1177,1790,11,74.69,118.01,123371.49,21.35
1178,1457,5,52.82,97.31,238544.26,27.78
1179,1580,11,136.89,216.29,123651.62,20.91
1180,2096,9,184.76,302.14,208629.13,28.22
1181,914,6,116.15,206.75,102306.98,29.48
1182,684,2,143.12,254.78,149103.09,30.76
1183,1301,6,106.94,197.02,102310.31,27.14
1184,1073,6,125.32,223.07,102318.77,31.8
1185,1310,5,124.3,229.0,238803.14,31.54
1186,1931,11,191.53,313.21,123781.05,22.22
1187,126,3,227.66,58.74,199004.65,22.74
1188,1635,9,190.83,301.51,208686.46,30.97
1189,1358,5,93.55,172.35,238623.24,32.38
1190,1042,7,84.65,150.68,189173.06,21.48
1191,2123,10,170.08,278.13,192246.41,25.98
1192,1343,6,49.25,90.73,102155.41,25.9
1193,159,2,90.58,155.8,148883.35,28.88
1194,333,2,273.2,164.47,149759.8,27.29
1195,1612,10,164.29,259.58,192079.56,26.67
1196,24,2,134.17,230.77,149058.56,28.83
1197,601,1,228.0,405.89,120493.37,28.32
1198,1365,6,91.36,168.31,102305.0,31.62
1199,1396,5,55.11,101.53,238515.52,28.98
1200,2108,11,144.76,82.85,123640.13,22.11
1201,2054,9,265.89,434.81,208756.4,30.84
1202,1341,6,83.64,154.09,102235.54,28.95
1203,1556,11,142.76,225.56,123702.92,21.81
1204,2015,10,258.93,423.43,192294.88,30.04
1205,1039,5,116.48,207.33,238699.22,29.56
1206,612,1,327.0,582.13,120850.46,32.67
1207,1054,6,101.58,180.81,102312.9,25.78
1208,441,2,89.18,23.81,148912.95,28.43
1209,1199,7,63.15,116.34,189069.11,21.86
1210,952,5,208.02,129.6,239214.75,26.8
1211,1162,8,23.49,43.28,94688.28,12.35
1212,1733,11,75.84,119.83,123376.22,21.68
1213,1675,11,208.24,329.02,123752.09,24.16
1214,538,2,226.88,403.89,149549.96,28.18
1215,1545,10,171.32,270.69,192279.12,26.17
1216,1613,10,181.1,286.14,192102.15,27.66
1217,2045,9,103.14,168.66,208360.34,29.48
1218,1327,7,70.66,130.18,189139.16,24.45
1219,1132,6,84.65,155.95,102210.74,29.3
1220,1626,9,202.72,320.3,208513.55,32.9
1221,116,2,89.86,154.56,148877.69,28.65
1222,912,5,130.0,231.4,238709.89,32.99
1223,1062,6,203.01,126.48,102763.35,26.15
1224,447,3,203.19,361.72,198836.32,20.3
1225,749,6,58.78,104.63,102180.93,30.92
1226,1377,5,53.64,98.82,238533.05,28.21
1227,1013,6,90.03,160.25,102214.2,31.16
1228,1242,5,234.8,432.57,239251.57,30.25
1229,2164,9,107.1,175.14,208287.97,30.61
1230,1744,10,170.18,268.88,192117.6,27.62
1231,1803,9,177.84,280.99,208741.16,27.16
1232,133,1,98.8,169.94,119957.66,31.5
1233,2111,10,223.95,366.23,192361.36,25.98
1234,964,7,181.83,323.66,189498.02,23.42
1235,470,3,238.68,424.9,199068.7,23.84
1236,450,1,90.1,160.4,119997.24,28.73
1237,82,1,142.77,245.56,120143.68,30.68
1238,2158,9,165.05,269.91,208542.44,26.79
1239,2094,10,225.1,368.11,192291.71,26.11
1240,1088,6,111.38,198.26,102413.23,28.26
1241,1339,7,40.76,75.09,188966.75,21.43
1242,77,1,132.49,227.88,120110.77,28.47
1243,851,5,54.58,97.15,238511.49,28.71
1244,1827,10,91.58,144.7,191839.14,26.18
1245,378,1,138.95,247.36,120074.29,29.86
1246,518,4,113.67,202.36,238954.0,11.36
1247,46,1,242.72,417.48,120476.48,30.15
1248,1505,9,203.48,321.5,208513.54,33.03
1249,1478,10,194.11,306.69,192214.45,29.65
1250,1975,10,250.55,143.4,192454.94,29.06
1251,1543,10,97.34,153.8,191923.98,27.82
1252,1257,6,222.04,409.06,102883.15,28.6
1253,2152,10,108.81,177.94,191861.98,31.1
1254,256,2,131.31,225.85,149027.11,28.22
1255,2185,9,177.29,289.92,208489.99,28.78
1256,1226,6,104.32,192.19,102334.69,26.47
1257,1525,10,102.25,161.56,191921.29,29.23
1258,787,6,56.23,100.09,102119.02,29.57
1259,806,6,54.33,96.71,102177.9,28.57
1260,1365,5,112.55,207.35,238801.86,28.56
1261,321,1,90.78,156.14,119942.91,28.95
1262,1574,10,104.75,165.5,191905.17,29.94
1263,1257,6,56.85,104.73,102126.96,29.9
1264,1941,9,189.85,310.46,208632.96,29.0
1265,1657,9,105.93,167.37,208273.6,30.28
1266,517,2,277.32,493.69,149742.25,27.7
1267,464,2,81.96,145.91,148862.92,26.13
1268,991,6,124.01,220.74,102392.61,31.47
1269,10,2,219.66,377.82,149296.08,27.28
1270,511,3,235.74,146.88,198898.33,23.55
1271,62,2,223.07,383.68,149533.75,27.71
1272,1659,9,259.79,410.47,208763.47,30.14
1273,1493,10,174.77,276.14,192100.82,28.37
1274,57,3,64.48,110.91,198224.82,20.56
1275,595,3,194.79,346.77,198663.41,24.19
1276,294,3,66.28,114.0,198239.37,21.13
1277,1584,9,114.33,180.64,208270.91,32.68
1278,906,7,39.76,70.77,188980.19,20.91
1279,615,1,103.58,184.39,119938.65,33.03
1280,613,1,307.96,548.23,120816.29,30.77
1281,2105,12,38.66,63.22,140330.68,11.05
1282,295,2,97.48,167.67,148905.58,31.08
1283,1060,5,54.99,97.88,238503.26,28.92
1284,429,2,253.22,450.78,149323.43,31.45
1285,847,5,120.67,214.79,238712.74,30.62
1286,1904,12,72.79,119.03,140585.25,11.12
1287,440,1,103.46,184.18,119935.32,32.99
1288,299,2,222.3,133.82,149426.47,27.61
1289,1322,5,59.47,109.56,238517.49,31.28
1290,2168,9,276.4,158.2,208787.62,32.06
1291,1733,11,176.43,278.76,123872.04,20.47
1292,1841,9,211.49,345.85,208687.05,32.3
1293,555,3,64.49,114.81,198248.31,20.56
1294,1197,5,120.03,221.13,238678.07,30.46
1295,770,7,70.17,124.9,189132.12,24.28
1296,382,1,132.53,235.93,120138.73,28.48
1297,1485,9,196.41,310.33,208608.86,31.88
1298,1520,9,201.56,318.46,208568.33,30.79
1299,2034,9,239.83,392.19,208733.73,27.82
1300,1329,6,49.06,90.38,102160.71,25.8
1301,1939,10,192.06,314.08,192296.66,29.34
1302,1022,5,216.07,384.6,239165.28,27.83
1303,1347,8,25.95,47.81,94719.4,13.65
1304,26,3,109.47,188.29,198438.09,23.53
1305,261,2,143.55,246.91,149020.69,30.85
1306,1599,10,189.58,299.54,192189.1,30.77
1307,1675,9,264.64,418.13,208966.98,30.7
1308,1075,5,123.84,220.44,238666.78,31.43
1309,17,1,96.32,165.67,119977.91,30.71
1310,1953,9,259.09,423.69,208729.6,30.06
1311,1162,6,125.25,230.75,102334.14,31.78
1312,1258,6,49.72,91.6,102183.46,26.15
1313,71,3,208.4,358.45,198886.01,20.82
1314,496,2,307.25,546.97,149639.85,30.69
1315,2115,12,80.85,132.21,140646.97,12.35
1316,196,1,240.38,144.71,120357.33,29.86
1317,824,6,51.42,91.53,102128.97,27.05
1318,288,2,134.33,231.05,148999.67,28.87
1319,229,1,143.93,247.56,120161.52,30.93
1320,543,3,77.1,137.25,198201.92,24.58
1321,626,2,243.58,151.77,149312.98,30.25
1322,483,1,137.18,244.21,120036.53,29.48
1323,1146,5,129.44,238.47,238749.75,32.85
1324,570,1,239.5,426.36,120366.1,29.75
1325,663,1,236.78,147.53,120561.8,29.41
1326,1203,7,38.67,71.24,189015.67,20.34
1327,1361,7,68.98,127.08,189109.74,23.87
1328,1434,6,56.81,104.66,102136.08,29.88
1329,1405,6,59.96,110.46,102121.04,31.53
1330,2150,9,283.55,463.69,208845.52,32.89
1331,2134,9,246.56,403.2,208766.87,28.6
1332,119,1,126.26,217.17,120139.36,27.13
1333,748,5,108.75,193.58,238760.31,27.6
1334,1629,10,206.48,326.24,192164.33,31.54
1335,1262,5,122.93,226.47,238692.49,31.2
1336,1103,6,103.43,190.55,102395.8,26.25
1337,2101,11,213.07,348.43,123909.44,24.72
1338,972,6,106.68,189.89,102315.77,27.07
1339,1385,5,59.8,110.17,238515.04,31.45
1340,1164,7,183.38,337.84,189659.59,23.62
1341,412,1,320.13,569.9,120657.57,31.98
1342,2029,9,183.62,300.27,208503.0,29.8
1343,1265,5,112.2,206.71,238723.5,28.47
1344,2109,10,177.53,290.31,192225.51,27.12
1345,123,1,132.67,228.19,120038.42,28.51
1346,902,6,228.28,406.34,102748.26,29.41
1347,1842,12,38.75,63.37,140323.56,11.08
1348,441,2,312.29,555.94,149605.26,31.2
1349,1399,6,108.46,199.82,102432.4,27.52
1350,2075,11,85.2,139.33,123390.83,24.35
1351,565,1,91.37,162.66,119963.24,29.13
1352,441,2,135.4,241.04,149145.8,29.1
1353,1406,7,67.15,123.71,189055.1,23.24
1354,1369,6,52.32,96.39,102161.46,27.51
1355,2141,9,188.35,308.01,208573.2,30.57
1356,183,1,136.08,234.06,120181.7,29.24
1357,1301,5,77.72,143.18,238606.18,26.9
1358,606,1,144.54,257.31,120061.55,31.06
1359,1045,5,117.98,210.0,238726.64,29.94
1360,1009,5,119.23,212.23,238701.55,30.26
1361,1327,6,88.27,162.62,102232.14,30.55
1362,425,1,266.07,473.66,120407.89,33.05
1363,51,2,144.84,249.12,149001.81,31.13
1364,2130,11,131.45,214.96,123560.65,21.34
1365,1376,7,92.33,170.1,189222.97,23.43
1366,1761,10,177.08,279.79,192130.55,28.74
1367,1382,5,94.89,174.82,238661.4,32.84
1368,2081,9,105.92,173.21,208356.57,30.28
1369,123,1,306.83,527.75,120558.59,30.65
1370,1178,5,55.93,103.04,238502.02,29.41
1371,334,1,242.28,416.72,120525.77,30.09
1372,1932,12,81.42,133.15,140740.96,12.44
1373,1195,7,47.16,86.88,188978.13,24.8
1374,1233,5,121.81,224.41,238728.73,30.91
1375,1342,7,186.49,343.57,189727.95,24.02
1376,1292,5,57.46,105.86,238495.7,30.22
1377,1547,9,259.69,410.31,208734.97,30.13
1378,1210,5,81.15,149.5,238656.62,28.08
1379,343,2,230.54,396.53,149399.17,28.64
1380,1059,7,82.6,147.03,189180.42,20.96
1381,1234,6,105.74,194.8,102432.11,26.83
1382,996,6,102.89,183.14,102422.93,26.11
1383,1154,7,185.36,341.49,189516.8,23.88
1384,2146,10,173.13,283.12,192086.43,28.1
1385,1304,7,46.85,86.31,188979.96,24.64
1386,1362,5,113.63,209.34,238703.93,28.84
1387,79,1,296.18,509.43,120794.11,29.59
1388,1643,9,199.71,315.54,208622.26,30.5
1389,536,3,66.0,117.49,198234.62,21.05
1390,1684,9,195.37,308.68,208626.37,31.71
1391,721,2,244.15,434.64,149309.5,30.33
1392,641,2,219.72,391.15,149551.64,27.29
1393,1061,6,215.66,383.87,102742.07,27.78
1394,1061,6,81.1,144.36,102248.43,28.07
1395,975,7,186.27,331.56,189562.48,23.99
1396,2043,10,176.08,287.94,192216.47,26.89
1397,1469,9,94.95,150.02,208308.78,27.14
1398,1057,5,55.37,98.56,238509.8,29.12
1399,1466,11,147.31,232.75,123696.53,22.5
1400,324,1,237.21,408.0,120509.95,29.46
1401,1229,7,89.65,165.16,189255.46,22.75
1402,102,2,99.41,170.99,148874.91,31.7
1403,1385,6,79.12,145.76,102243.25,27.38
1404,1460,5,220.52,406.26,239158.11,28.41
1405,1148,7,62.78,115.66,189123.24,21.73
1406,210,4,41.45,71.29,238129.66,13.21
1407,1821,9,108.72,171.78,208297.36,31.07
1408,1804,9,185.67,293.36,208748.13,28.36
1409,544,3,165.37,294.39,198844.36,20.54
1410,314,1,131.63,226.4,120068.48,28.29
1411,572,2,85.48,152.17,148921.84,27.25
1412,1817,10,206.24,325.86,192288.41,31.5
1413,389,1,93.94,167.23,119906.57,29.95
1414,194,2,237.84,409.08,149552.7,29.54
1415,937,6,58.29,103.76,102164.84,30.66
1416,625,2,96.74,172.22,148929.8,30.84
1417,2022,9,233.25,133.5,208934.82,27.06
1418,2076,12,71.31,116.61,140707.25,11.57
1419,1276,6,106.45,196.11,102308.04,27.01
1420,2128,11,78.2,127.88,123374.87,22.35
1421,1006,6,57.11,101.66,102160.88,30.03
1422,1564,10,248.22,392.19,192536.22,28.8
1423,1212,6,56.12,103.39,102167.84,29.52
1424,775,7,60.96,108.51,189107.94,21.1
1425,676,3,112.6,200.45,198368.75,24.2
1426,1157,5,218.09,401.79,239192.97,28.09
1427,978,7,43.1,76.72,189006.08,22.67
1428,65,1,305.84,526.04,120860.9,30.55
1429,828,7,66.36,118.12,189099.84,22.97
1430,1017,5,59.81,106.46,238495.88,31.45
1431,2175,12,68.94,112.74,140638.98,11.19
1432,2046,9,251.69,411.59,208981.39,29.2
1433,141,1,96.42,165.84,119931.08,30.74
1434,54,3,175.08,301.14,198680.69,21.75
1435,528,2,94.01,167.36,148910.49,29.98
1436,116,1,217.43,373.98,120517.16,27.01
1437,1529,10,256.13,141.64,192489.85,29.71
1438,481,3,221.93,138.28,198839.69,22.17
1439,2111,9,284.14,464.65,208961.23,32.96
1440,955,7,39.25,69.86,189020.22,20.64
1441,1979,10,175.84,287.55,192177.73,28.54
1442,882,5,55.55,98.88,238490.9,29.22
1443,1621,9,188.68,298.11,208494.9,30.62
1444,1832,10,101.89,166.62,191849.9,29.12
1445,1519,10,185.14,292.52,192247.32,30.05
1446,988,5,62.09,110.52,238500.02,32.65
1447,907,5,55.26,98.36,238483.42,29.06
1448,269,1,305.4,78.79,120596.07,30.51
1449,1051,5,123.6,220.01,238731.39,31.37
1450,984,8,35.91,63.92,94834.97,12.43
1451,2156,10,101.27,165.61,191836.59,28.95
1452,759,7,43.56,77.54,188968.17,22.91
1453,792,7,45.78,81.49,189019.05,24.07
1454,410,3,201.64,125.64,198810.29,25.05
1455,1970,10,170.35,41.79,192065.06,27.65
1456,1133,7,70.38,129.66,189080.49,24.36
1457,453,2,226.92,403.96,149367.73,28.18
1458,327,4,39.89,68.61,238196.07,12.72
1459,1700,9,108.84,171.97,208355.71,31.11
1460,1929,11,127.17,207.96,123658.63,20.64
1461,217,1,297.88,512.35,120594.84,29.76
1462,1076,5,106.64,189.82,238782.68,27.06
1463,142,1,278.46,478.95,120656.38,27.82
1464,1991,9,269.53,440.76,208730.23,31.27
1465,1413,5,84.06,154.86,238663.51,29.09
1466,397,2,121.02,215.44,149039.6,26.01
1467,423,1,226.64,403.46,120367.62,28.15
1468,1663,11,75.41,119.15,123308.49,21.55
1469,467,1,87.0,154.88,119967.58,27.74
1470,395,1,316.32,563.11,120819.4,31.6
1471,1023,6,53.19,94.68,102162.72,27.98
1472,2105,10,186.93,305.69,192226.56,30.34
1473,513,2,213.78,133.2,149502.15,26.55
1474,478,2,232.54,413.97,149431.31,28.88
1475,1103,6,56.85,104.73,102122.85,29.9
1476,942,5,227.04,404.13,239259.05,29.25
1477,294,3,101.89,175.25,198352.2,21.9
1478,1965,9,209.83,343.13,208687.59,32.05
1479,382,3,97.74,174.0,198451.67,21.0
1480,738,7,41.43,73.75,188954.31,21.79
1481,1539,10,195.81,309.38,192265.9,31.78
1482,310,2,99.18,170.59,148953.02,31.62
1483,2103,10,103.13,168.65,191901.0,29.48
1484,440,3,227.22,404.5,198889.33,22.7
1485,1669,11,139.74,220.79,123687.8,21.34
1486,2122,10,163.31,267.06,192091.09,26.51
1487,293,2,233.61,401.81,149416.41,29.02
1488,457,3,94.6,168.41,198326.71,20.33
1489,2115,9,174.51,285.38,208540.82,28.32
1490,1494,11,126.85,200.42,123622.0,20.59
1491,669,2,211.6,376.69,149439.43,26.28
1492,1256,5,129.09,237.82,238793.48,32.76
1493,586,1,236.88,147.59,120439.68,29.42
1494,928,5,108.28,192.74,238668.11,27.48
1495,2076,10,183.68,300.37,192318.63,28.05
1496,456,4,126.27,224.79,238818.87,12.61
1497,1168,5,108.58,200.04,238793.4,27.55
1498,1076,6,89.14,158.67,102234.34,30.85
1499,551,2,310.75,82.98,149555.51,31.04
1500,298,1,138.51,238.24,120166.48,29.77
1501,488,2,265.16,472.04,149646.79,26.49
1502,1384,6,49.78,91.71,102165.14,26.18
1503,497,1,97.98,174.42,119984.39,31.24
1504,1798,11,158.82,250.94,123768.86,24.26
1505,2087,10,236.01,385.95,192377.91,27.38
1506,607,4,89.64,159.58,238601.26,11.13
1507,1897,9,109.75,179.47,208363.06,31.37
1508,1199,6,219.47,404.33,102676.66,28.27
1509,786,6,53.18,94.66,102117.68,27.97
1510,2024,9,256.19,418.95,208860.49,29.72
1511,1284,6,110.83,204.18,102359.51,28.12
1512,1531,9,192.74,304.53,208543.99,31.28
1513,1180,8,23.41,43.13,94736.13,12.31
1514,1439,7,43.84,80.77,188991.04,23.06
1515,495,2,128.39,228.56,149019.69,27.59
1516,1300,5,219.65,404.66,239239.24,28.29
1517,130,1,84.88,145.99,119952.78,27.07
1518,801,7,96.38,171.56,189228.95,24.46
1519,1205,6,59.14,108.95,102171.5,31.1
1520,894,5,113.4,201.85,238751.77,28.78
1521,1089,6,52.51,93.47,102163.88,27.62
1522,343,3,184.59,317.49,198651.83,22.93
1523,1329,5,94.84,174.72,238618.59,32.82
1524,1318,8,23.87,43.98,94708.77,12.56
1525,806,6,60.18,107.12,102175.23,31.65
1526,1664,9,106.89,168.89,208321.01,30.55
1527,233,1,148.34,255.14,120078.04,31.88
1528,1891,10,224.33,366.85,192448.15,26.02
1529,2101,9,271.91,155.63,208941.72,31.54
1530,1027,6,108.08,192.38,102437.61,27.43
1531,734,5,109.62,195.12,238784.98,27.82
1532,1071,6,83.9,149.34,102252.11,29.04
1533,2155,11,77.24,126.31,123355.92,22.08
1534,707,1,124.89,222.33,120173.94,26.84
1535,2065,9,114.21,186.77,208281.32,32.65
1536,293,1,86.46,148.71,119990.15,27.57
1537,2191,11,77.39,126.56,123294.42,22.12
1538,1495,9,93.7,148.05,208367.32,26.78
1539,839,6,57.47,102.3,102165.01,30.22
1540,1294,7,40.98,75.5,188991.91,21.55
1541,1174,6,123.53,227.58,102436.2,31.35
1542,942,6,57.84,102.96,102128.66,30.42
1543,1201,5,62.17,114.54,238518.85,32.7
1544,450,1,292.42,520.57,120840.06,29.21
1545,1893,10,234.46,383.41,192517.33,27.2
1546,1218,8,21.23,39.11,94728.76,11.16
1547,1316,5,80.58,148.45,238622.3,27.89
1548,2153,9,169.67,277.46,208584.07,27.54
1549,930,6,91.85,163.49,102298.37,31.79
1550,554,3,191.29,340.53,198635.05,23.76
1551,2096,9,167.97,274.68,208659.87,27.26
1552,130,1,248.57,427.54,120398.84,30.87
1553,823,6,76.47,136.12,102215.04,26.47
1554,272,3,231.69,139.48,198902.48,23.15
1555,1672,9,112.48,177.72,208332.56,32.15
1556,378,1,316.34,563.15,120627.27,31.6
1557,1042,5,95.05,169.19,238626.27,32.89
1558,1713,10,222.49,351.53,192435.47,25.81
1559,1239,7,180.15,331.89,189638.11,23.21
1560,1971,10,199.72,326.6,192174.34,30.5
1561,696,2,96.34,171.5,148935.67,30.72
1562,2154,9,192.0,47.1,208518.98,31.16
1563,1290,6,80.67,148.62,102233.82,27.92
1564,2125,12,77.18,126.21,140664.06,12.53
1565,2039,10,90.34,22.16,191945.45,25.82
1566,695,2,243.59,433.64,149363.25,30.26
1567,254,2,224.45,386.05,149495.3,27.88
1568,1235,8,24.12,44.44,94743.46,12.68
1569,250,1,246.32,423.67,120448.14,30.59
1570,1979,9,272.73,446.0,208770.21,31.64
1571,1285,6,113.15,208.46,102435.61,28.71
1572,1274,5,56.12,103.39,238544.14,29.52
1573,1906,11,157.65,257.81,123729.59,24.08
1574,2044,9,205.5,117.62,208717.21,31.39
1575,1825,9,194.22,306.87,208655.39,31.52
1576,443,2,91.72,163.28,148950.53,29.25
1577,321,1,223.83,384.99,120519.12,27.8
1578,1379,7,65.42,120.52,189078.46,22.64
1579,1540,10,226.95,125.5,192514.89,26.33
1580,160,2,252.58,152.05,149419.98,31.37
1581,1479,10,90.46,142.93,191929.8,25.86
1582,821,7,89.3,158.95,189250.32,22.66
1583,675,1,131.31,233.76,120194.64,28.22
1584,1184,6,103.09,189.92,102335.71,26.16
1585,295,1,253.61,436.21,120557.99,31.5
1586,1154,6,117.41,216.3,102318.14,29.79
1587,735,6,119.21,212.19,102368.88,30.25
1588,1735,10,242.86,134.3,192408.2,28.17
1589,1620,9,179.9,284.24,208657.58,29.2
1590,1855,9,232.2,379.72,208833.53,26.94
1591,700,1,324.18,577.11,120779.54,32.39
1592,197,2,253.58,152.66,149462.31,31.5
1593,1997,11,71.94,117.64,123384.79,20.56
1594,1436,6,51.77,95.38,102171.73,27.22
1595,1343,5,118.6,218.5,238735.78,30.1
1596,1733,9,95.05,150.18,208289.45,27.17
1597,1428,5,54.92,101.18,238532.01,28.88
1598,787,5,117.47,209.1,238771.09,29.81
1599,826,6,114.37,203.58,102324.56,29.02
1600,1784,10,97.16,153.51,191931.11,27.77
1601,1147,5,125.14,230.55,238697.24,31.76
1602,118,4,52.1,89.61,238319.04,11.2
1603,1641,9,167.67,264.92,208530.95,27.21
1604,94,3,75.93,130.6,198253.11,24.21
1605,1190,5,51.56,94.99,238545.97,27.12
1606,1103,7,65.73,121.09,189054.13,22.75
1607,554,1,98.34,175.06,119993.62,31.36
1608,236,2,148.17,254.85,149027.8,31.84
1609,474,1,99.07,176.36,119967.04,31.59
1610,1912,11,187.02,107.04,123847.85,21.7
1611,1331,8,38.22,70.41,94781.55,13.23
1612,994,5,57.49,102.33,238526.52,30.24
1613,59,3,185.97,319.87,198784.58,23.1
1614,11,2,223.03,383.61,149547.95,27.7
1615,264,2,83.84,144.2,148911.72,26.73
1616,973,6,236.54,421.04,102900.93,30.47
1617,1121,5,54.52,100.44,238482.4,28.67
1618,407,1,258.76,460.64,120391.32,32.14
1619,1558,10,182.46,288.29,192200.84,27.87
1620,1875,12,96.68,158.1,140961.76,11.22
1621,1212,6,226.17,416.67,102759.46,29.14
1622,1079,7,87.14,155.11,189203.68,22.11
1623,327,3,233.01,140.27,198971.42,23.28
1624,1617,9,214.83,339.43,208718.91,32.81
1625,976,5,127.96,227.77,238745.91,32.47
1626,522,2,147.31,262.24,149061.29,31.66
1627,1839,11,78.55,128.45,123295.36,22.45
1628,1193,6,75.07,138.3,102223.94,25.98
1629,1254,6,105.79,194.9,102400.15,26.85
1630,1430,6,211.39,389.44,102892.29,27.23
1631,1351,6,116.32,214.3,102421.05,29.52
1632,64,2,126.05,216.81,149082.38,27.09
1633,532,1,260.05,462.94,120412.04,32.3
1634,1081,7,41.6,74.05,188955.2,21.88
1635,615,2,241.82,430.49,149308.08,30.04
1636,1242,6,85.11,156.8,102292.1,29.45
1637,1095,6,114.89,204.5,102430.14,29.16
1638,2093,10,173.67,284.0,192113.75,28.19
1639,277,4,100.32,172.55,238762.24,12.46
1640,1100,7,181.22,116.85,189503.91,23.35
1641,2190,10,94.13,153.93,191933.26,26.9
1642,573,3,78.51,139.76,198259.38,25.03
1643,1916,10,261.47,149.65,192353.32,30.33
1644,1142,6,109.33,201.42,102360.42,27.74
1645,210,3,106.81,183.71,198437.31,22.95
1646,1936,11,136.9,223.87,123664.73,20.91
1647,459,2,281.15,500.5,149797.19,28.09
1648,813,6,58.94,104.91,102122.14,31.0
1649,1321,6,205.17,377.98,102788.8,26.43
1650,1750,9,192.33,303.88,208618.65,29.38
1651,505,2,131.21,233.58,148985.45,28.2
1652,1280,6,114.99,211.85,102438.13,29.18
1653,616,2,132.75,236.32,149006.09,28.53
1654,223,2,240.79,414.16,149450.6,29.91
1655,301,1,222.03,133.66,120534.44,27.58
1656,188,4,106.55,183.27,238592.49,13.23
1657,4,2,144.44,248.44,149139.47,31.04
1658,82,3,76.04,130.79,198238.02,24.25
1659,131,1,135.93,233.8,120088.82,29.21
1660,481,3,63.66,113.33,198226.53,20.3
1661,813,5,232.23,413.37,239010.47,29.92
1662,1860,9,210.3,343.9,208697.86,32.12
1663,1994,9,178.5,291.9,208558.4,28.97
1664,366,1,149.01,256.3,120146.7,32.02
1665,1470,10,205.38,324.5,192283.65,31.37
1666,1787,10,248.06,391.93,192389.11,28.78
1667,1087,6,59.42,105.77,102122.36,31.25
1668,98,1,141.52,243.41,120085.49,30.41
1669,754,6,75.67,134.69,102209.57,26.19
1670,523,2,122.67,218.38,149020.79,26.36
1671,1429,8,89.24,57.54,95241.67,11.5
1672,797,6,242.09,430.92,102710.86,31.19
1673,443,3,171.01,304.43,198832.62,21.24
1674,1308,7,42.65,78.57,189011.44,22.43
1675,1020,5,127.58,227.09,238689.64,32.38
1676,765,5,51.05,90.87,238528.72,26.85
1677,1519,9,94.46,149.25,208283.52,27.0
1678,844,5,113.92,202.78,238763.15,28.91
1679,1831,11,193.38,110.68,123756.48,22.43
1680,1105,6,54.03,99.54,102119.73,28.41
1681,462,1,236.94,421.8,120613.61,29.43
1682,389,1,228.92,407.52,120567.75,28.43
1683,2036,10,205.42,335.92,192207.11,31.38
1684,1447,5,93.23,171.76,238669.38,32.27
1685,868,5,239.17,425.72,239216.87,30.81
1686,629,3,180.33,321.02,198883.69,22.4
1687,1212,6,105.81,194.93,102348.69,26.85
1688,1530,9,105.89,167.31,208304.18,30.27
1689,1352,6,74.75,137.71,102286.9,25.87
1690,2005,11,79.0,129.19,123396.37,22.58
1691,449,1,90.71,161.48,119926.43,28.92
1692,624,2,139.24,247.88,149071.27,29.92
1693,1823,10,96.63,152.68,191872.75,27.62
1694,1429,5,81.33,149.83,238608.99,28.15
1695,818,7,46.37,82.54,188989.64,24.39
1696,737,7,39.52,70.35,188954.59,20.78
1697,581,4,37.99,67.63,238180.02,12.11
1698,867,7,87.76,156.21,189254.04,22.27
1699,1306,5,111.25,204.96,238702.96,28.23
1700,475,3,173.0,307.97,198709.58,21.49
1701,882,7,38.92,69.28,188986.0,20.47
1702,1322,6,52.1,95.98,102132.5,27.4
1703,2188,10,181.27,296.43,192114.52,29.42
1704,1833,11,188.42,308.12,123783.35,21.86
1705,1670,11,203.18,112.36,123785.39,23.57
1706,1831,10,99.04,161.96,191829.53,28.31
1707,794,5,61.92,110.22,238518.59,32.56
1708,162,2,89.65,154.2,148874.79,28.58
1709,960,5,239.73,426.72,239126.22,30.88
1710,645,2,268.05,167.01,149769.24,26.78
1711,1510,10,205.75,325.09,192244.1,31.43
1712,1419,6,214.11,394.45,102832.6,27.58
1713,297,3,191.8,329.9,198795.88,23.82
1714,1301,5,89.81,165.46,238601.4,31.08
1715,104,1,245.98,423.09,120597.49,30.55
1716,1784,11,212.51,335.77,123740.9,24.65
1717,1831,10,247.9,405.39,192442.1,28.76
1718,1188,5,90.34,166.43,238640.69,31.27
1719,1144,5,108.96,200.74,238679.84,27.65
1720,483,1,245.77,437.52,120621.29,30.53
1721,146,2,236.42,406.64,149544.08,29.37
1722,1473,12,83.33,131.66,140600.25,13.53
1723,1121,6,59.74,110.06,102136.42,31.42
1724,1363,5,113.39,208.9,238693.28,28.78
1725,208,1,280.27,168.72,120814.39,28.0
1726,2118,12,45.86,74.99,140383.75,13.11
1727,1725,10,246.25,136.18,192411.86,28.57
1728,1437,6,236.0,434.78,102720.55,30.4
1729,84,1,147.64,253.94,120122.4,31.73
1730,681,2,99.04,176.31,148859.1,31.58
1731,1791,10,180.62,285.38,192207.1,29.32
1732,1595,9,109.5,173.01,208278.1,31.3
1733,1225,5,126.4,232.87,238753.3,32.08
1734,725,4,116.91,208.12,238745.75,11.68
1735,1206,7,70.4,129.7,189122.72,24.36
1736,450,2,209.41,130.48,149307.17,26.01
1737,1079,5,62.57,111.37,238519.1,32.91
1738,332,2,135.46,232.99,148990.01,29.11
1739,1533,9,102.31,161.65,208363.12,29.24
1740,1091,7,86.35,153.7,189207.13,21.91
1741,1557,10,268.14,423.66,192323.37,31.11
1742,1536,11,212.25,117.37,123765.79,24.62
1743,447,2,231.26,411.69,149438.49,28.72
1744,1572,9,108.43,171.32,208287.38,30.99
1745,1959,9,270.97,443.12,208744.25,31.43
1746,2067,10,246.62,403.3,192334.47,28.61
1747,801,6,50.49,89.87,102125.83,26.56
1748,1950,10,206.25,337.28,192098.52,31.5
1749,615,2,232.06,413.11,149302.25,28.82
1750,2151,12,105.58,172.65,141004.16,12.25
1751,2074,9,96.74,158.2,208343.86,27.65
1752,955,5,51.57,91.79,238483.95,27.12
1753,1916,10,228.17,130.59,192451.91,26.47
1754,1536,11,215.98,341.25,123751.99,25.05
1755,1124,5,207.97,383.14,239034.03,26.79
1756,1422,5,116.7,215.0,238747.69,29.62
1757,1366,8,22.73,41.88,94686.7,11.95
1758,1705,9,194.27,306.95,208699.02,31.53
1759,1190,6,51.14,94.22,102149.22,26.89
1760,1197,5,113.92,209.87,238754.35,28.91
1761,723,1,141.41,251.74,120055.58,30.39
1762,1972,10,188.43,308.14,192243.63,30.58
1763,1174,7,92.76,170.89,189172.29,23.54
1764,1572,9,96.76,152.88,208346.74,27.66
1765,1697,10,181.8,287.24,192311.8,27.77
1766,105,2,254.49,437.72,149453.49,31.61
1767,36,4,102.24,61.55,238814.79,12.7
1768,2001,9,104.02,170.1,208266.91,29.73
1769,776,5,211.92,132.03,239276.79,27.3
1770,278,1,93.37,160.6,119975.12,29.77
1771,557,1,151.49,269.68,120149.12,32.56
1772,1288,5,226.99,418.18,239105.35,29.24
1773,277,4,106.01,182.34,238765.85,13.17
1774,1697,12,81.71,129.1,140714.89,12.48
1775,1000,7,86.76,154.43,189144.16,22.02
1776,1414,7,188.04,346.43,189573.2,24.22
1777,1335,8,33.81,62.29,94803.11,11.7
1778,1681,11,213.49,337.31,123771.55,24.77
1779,1841,12,76.54,125.17,140716.4,12.42
1780,812,5,122.73,218.46,238703.0,31.14
1781,1019,6,53.11,94.54,102136.67,27.93
1782,1964,12,81.97,134.05,140615.48,12.52
1783,1430,5,56.67,104.4,238529.13,29.81
1784,1490,12,103.12,57.03,141021.1,11.96
1785,1208,6,210.77,388.3,102702.44,27.15
1786,847,6,51.11,90.98,102118.96,26.88
1787,35,1,85.51,147.08,119914.72,27.27
1788,863,5,119.12,212.03,238688.44,30.23
1789,1046,5,238.65,424.8,239258.91,30.74
1790,1347,6,103.82,191.27,102408.29,26.35
1791,1630,9,108.23,171.0,208312.42,30.93
1792,522,1,101.41,180.53,119926.94,32.33
1793,682,2,133.11,236.96,149135.31,28.61
1794,1645,12,76.07,120.19,140574.47,11.62
1795,1184,8,46.62,12.88,94918.17,11.83
1796,194,1,265.78,457.14,120402.49,33.01
1797,1014,5,62.84,111.86,238541.57,33.05
1798,1039,6,205.76,366.25,102773.31,26.51
1799,156,3,96.85,166.58,198414.99,20.81
1800,1553,10,177.75,280.85,192164.4,28.85
1801,1639,9,260.96,144.31,208763.73,30.27
1802,1037,5,79.77,141.99,238577.36,27.61
1803,1431,7,62.47,115.09,189075.49,21.62
1804,815,5,219.97,391.55,239143.25,28.34
1805,1858,9,279.89,457.7,208853.46,32.47
1806,2167,10,167.42,273.78,192181.39,27.17
1807,1638,9,214.75,339.31,208655.86,32.8
1808,5,4,103.8,62.49,238534.99,12.89
1809,2152,9,115.65,189.12,208280.19,33.05
1810,722,2,95.53,170.06,148901.16,30.46
1811,431,2,289.09,514.64,149729.25,28.88
1812,879,5,60.64,107.94,238525.78,31.89
1813,506,2,144.41,257.08,149051.42,31.03
1814,1902,9,195.22,319.24,208521.32,31.69
1815,1180,5,239.12,154.19,239256.51,30.8
1816,1410,6,57.75,106.39,102162.81,30.37
1817,1021,6,107.32,191.03,102382.23,27.23
1818,962,6,103.66,184.51,102406.56,26.31
1819,200,1,149.78,257.62,120109.67,32.19
1820,1385,7,71.54,131.8,189074.6,24.76
1821,1007,7,62.58,111.39,189072.76,21.66
1822,1426,5,115.85,213.43,238730.34,29.4
1823,1266,7,165.94,305.71,189584.4,21.38
1824,1133,5,61.87,113.98,238497.37,32.54
1825,1218,6,112.69,207.61,102429.4,28.6
1826,1719,10,99.3,156.89,191856.16,28.38
1827,230,3,113.94,195.98,198426.04,24.49
1828,1299,7,158.12,291.3,189538.5,20.37
1829,2146,10,186.03,304.21,192109.06,28.41
1830,1319,6,50.98,93.92,102121.64,26.81
1831,1404,7,161.06,296.72,189511.35,20.75
1832,1069,6,54.48,96.97,102140.27,28.66
1833,1829,10,100.91,165.02,191917.27,28.84
1834,2154,10,93.77,153.34,191860.21,26.8
1835,309,3,163.65,281.48,198790.88,20.33
1836,890,5,84.0,149.52,238578.06,29.07
1837,597,2,237.4,422.62,149390.07,29.49
1838,1740,9,188.3,297.51,208567.69,30.56
1839,908,5,108.02,192.28,238793.0,27.41
1840,640,1,94.25,167.78,119969.52,30.05
1841,1305,5,125.72,231.61,238690.55,31.9
1842,1228,5,53.39,98.36,238528.83,28.08
1843,191,3,113.17,194.65,198446.03,24.32
1844,2080,11,158.81,259.7,123625.46,24.26
1845,1150,7,87.5,161.2,189187.61,22.2
1846,1609,10,188.56,297.92,192310.38,28.8
1847,330,1,252.67,434.59,120382.01,31.38
1848,2047,9,209.92,343.28,208717.52,32.06
1849,1562,10,167.71,264.98,192065.09,27.22
1850,569,1,144.44,257.13,120077.45,31.04
1851,2097,9,189.25,309.48,208578.99,30.72
1852,1457,5,239.61,441.43,239089.27,30.87
1853,4,2,143.03,246.01,149016.76,30.74
1854,517,3,112.1,199.56,198370.1,24.09
1855,399,3,214.24,381.39,198852.47,21.4
1856,2003,9,199.6,326.41,208516.05,32.4
1857,335,1,136.07,234.04,120129.85,29.24
1858,1481,10,188.2,297.36,192253.91,28.75
1859,1311,6,106.51,196.22,102369.11,27.03
1860,268,1,130.79,224.96,120107.73,28.11
1861,1164,5,108.28,199.48,238777.88,27.48
1862,554,2,138.94,247.34,149009.51,29.86
1863,1613,9,112.47,177.7,208264.86,32.15
1864,1243,7,64.35,118.55,189050.86,22.27
1865,755,5,112.86,200.89,238721.22,28.64
1866,860,7,38.53,68.58,189002.05,20.26
1867,2028,9,180.22,294.71,208650.68,27.53
1868,1310,5,87.53,161.26,238649.12,30.29
1869,856,6,82.5,146.85,102301.09,28.55
1870,1372,5,112.48,207.22,238679.96,28.55
1871,650,4,92.67,164.97,238728.11,11.51
1872,834,5,229.62,143.05,239049.16,29.58
1873,1459,6,83.15,153.19,102228.45,28.78
1874,31,1,241.67,415.67,120561.88,30.02
1875,1823,9,238.67,377.1,208755.7,27.69
1876,1370,7,39.2,72.22,189002.35,20.62
1877,423,2,98.73,175.76,148921.17,31.48
1878,411,2,136.51,243.02,149005.77,29.34
1879,311,3,105.47,181.41,198471.24,22.67
1880,724,3,76.76,136.65,198216.84,24.48
1881,1931,10,187.19,306.11,192092.98,30.38
1882,1035,7,177.39,315.75,189705.28,22.85
1883,2077,11,85.89,140.46,123296.84,24.55
1884,1777,12,117.1,64.76,140818.66,13.58
1885,1146,5,250.95,462.33,239154.57,32.33
1886,831,6,51.92,92.42,102144.47,27.3
1887,443,1,260.76,162.47,120522.33,32.39
1888,2028,11,191.57,313.27,123942.32,22.22
1889,1567,11,132.78,209.79,123556.1,20.28
1890,1972,10,172.8,282.58,192245.29,26.39
1891,764,5,52.8,93.98,238533.86,27.77
1892,981,7,91.58,163.01,189170.5,23.24
1893,1516,10,91.45,144.49,191931.18,26.14
1894,125,1,270.16,464.68,120780.24,26.99
1895,552,2,138.08,245.81,149088.04,29.68
1896,780,5,244.53,152.34,239152.87,31.5
1897,88,1,97.33,167.41,119907.11,31.03
1898,1588,9,261.15,144.42,208913.45,30.3
1899,1295,5,208.29,383.73,239144.18,26.83
1900,1797,10,239.2,377.94,192377.5,27.75
1901,1871,9,93.44,152.8,208347.82,26.71
1902,850,5,52.86,94.09,238508.16,27.8
1903,1949,9,109.55,179.15,208306.34,31.31
1904,512,2,139.84,248.94,149003.45,30.05
1905,2053,9,202.85,331.72,208623.98,30.98
1906,936,7,67.78,120.65,189061.69,23.46
1907,746,5,51.14,91.03,238510.92,26.9
1908,1101,5,52.69,97.07,238547.14,27.71
1909,2183,10,197.3,322.64,192163.5,30.13
1910,632,3,107.94,192.15,198457.13,23.2
1911,596,2,127.57,227.1,149122.09,27.42
1912,1986,11,135.97,222.35,123590.05,22.07
1913,1144,7,85.62,157.74,189230.18,21.73
1914,1951,9,202.33,330.87,208621.09,32.84
1915,995,5,122.08,217.3,238747.53,30.98
1916,534,4,94.1,58.63,238677.81,11.69
1917,591,2,89.68,159.65,148923.52,28.6
1918,840,6,53.1,94.52,102131.56,27.93
1919,1838,11,85.33,139.54,123340.19,24.39
1920,726,1,220.51,392.55,120409.92,27.39
1921,1755,11,198.46,109.75,123884.96,23.02
1922,628,1,144.53,257.29,120148.36,31.06
1923,908,5,241.38,429.66,239136.25,31.09
1924,434,1,315.42,561.51,120661.2,31.51
1925,890,7,67.28,119.76,189131.83,23.28
1926,1918,10,189.41,309.74,192199.69,30.74
1927,1452,8,102.64,189.09,95311.01,13.22
1928,1740,9,193.83,107.19,208695.52,29.61
1929,1228,5,209.99,386.86,239019.62,27.05
1930,268,1,88.15,151.62,119993.19,28.11
1931,930,5,83.23,148.15,238647.38,28.81
1932,738,7,43.49,77.41,188960.02,22.87
1933,1653,10,241.36,381.35,192405.31,28.0
1934,1519,9,247.13,390.47,208907.77,28.67
1935,680,1,291.72,519.32,120839.96,29.14
1936,1525,10,103.96,164.26,191857.1,29.72
1937,964,6,113.78,202.53,102384.62,28.87
1938,14,2,295.83,508.83,149517.38,29.55
1939,1582,11,160.41,253.45,123757.1,24.5
1940,1579,9,208.67,329.7,208702.82,31.87
1941,740,7,40.69,72.43,188970.48,21.4
1942,916,6,55.77,99.27,102153.84,29.33
1943,182,2,137.0,235.64,149002.09,29.44
1944,992,5,221.61,394.47,239045.04,28.55
1945,665,2,139.09,247.61,149039.89,29.89
1946,1569,11,136.61,215.84,123694.1,22.17
1947,1949,11,132.33,216.4,123715.65,21.48
1948,1503,9,168.82,266.74,208548.0,27.4
1949,71,1,238.49,143.57,120519.1,29.62
1950,1281,6,56.32,103.76,102182.83,29.62
1951,2052,11,208.62,341.16,124022.11,24.2
1952,1402,5,55.7,102.62,238540.8,29.29
1953,947,6,122.94,218.83,102340.33,31.2
1954,278,3,234.23,402.88,199116.42,23.4
1955,133,1,86.53,148.83,120007.37,27.59
1956,1573,11,87.39,138.08,123326.34,24.98
1957,25,1,142.38,244.89,120069.27,30.6
1958,776,5,91.53,162.92,238574.28,31.68
1959,432,3,184.46,328.38,198822.62,22.91
1960,1180,5,242.31,446.41,239245.81,31.21
1961,1225,6,108.11,199.17,102431.62,27.43
1962,1482,9,238.05,376.12,208731.3,27.61
1963,850,7,47.5,84.55,189005.31,24.98
1964,1638,11,160.84,254.13,123657.5,24.57
1965,1502,10,171.84,271.51,192181.0,27.89
1966,834,6,103.64,184.48,102315.07,26.3
1967,1520,12,77.7,122.77,140566.49,12.61
1968,285,1,279.14,480.12,120715.87,27.89
1969,1993,10,177.54,290.33,192264.9,28.82
1970,1981,12,115.27,188.5,141037.55,13.37
1971,847,6,121.4,216.09,102326.39,30.81
1972,274,2,130.43,224.34,149006.76,28.03
1973,1841,10,185.48,303.32,192114.84,30.1
1974,1210,6,90.29,166.34,102250.62,31.25
1975,304,2,98.89,170.09,148871.06,31.53
1976,399,1,235.71,419.61,120497.7,29.28
1977,2162,10,96.38,157.61,191879.77,27.55
1978,809,6,52.7,93.81,102148.53,27.72
1979,127,1,91.45,157.29,119940.86,29.16
1980,521,2,286.52,510.06,149650.11,28.62
1981,299,3,181.23,311.72,198817.7,22.51
1982,2134,10,177.1,289.61,192227.21,27.05
1983,1046,6,56.59,100.73,102171.92,29.76
1984,17,3,107.07,184.16,198424.72,23.01
1985,1186,6,50.95,93.87,102119.61,26.8
1986,2126,11,81.39,133.1,123332.7,23.26
1987,2072,10,168.61,275.73,192177.77,27.37
1988,1679,11,151.38,239.18,123627.12,24.57
1989,1598,9,239.83,378.93,208983.62,27.82
1990,1750,10,177.16,279.91,192219.09,27.06
1991,2040,10,204.15,333.85,192175.59,31.18
1992,805,6,110.8,197.22,102377.45,28.12
1993,1383,6,53.12,97.86,102158.6,27.94
1994,1946,9,183.16,299.52,208548.86,29.73
1995,1693,9,108.21,170.97,208269.08,30.93
1996,413,4,101.27,180.28,238799.75,12.58
1997,1079,6,247.6,154.25,102745.66,31.9
1998,1152,5,56.29,103.7,238523.22,29.61
1999,849,5,60.03,106.85,238520.02,31.57
2000,1485,10,170.16,268.85,192323.51,25.99
2001,1151,5,215.43,138.91,239079.29,27.75
2002,299,2,291.42,501.24,149784.45,29.11
2003,2060,9,198.63,324.82,208513.2,32.24
2004,529,2,128.5,228.76,149092.37,27.62
2005,584,2,298.83,531.98,149696.02,29.85
2006,1137,7,82.94,152.8,189243.79,21.05
2007,1467,9,107.02,169.09,208319.57,30.59
2008,2095,9,210.03,343.46,208549.46,32.08
2009,161,1,100.03,172.05,119936.52,31.89
2010,326,1,278.49,479.0,120701.48,27.82
2011,883,5,56.08,99.82,238529.83,29.49
2012,92,2,147.94,254.46,149121.37,31.79
2013,591,3,107.98,192.23,198405.92,23.2
2014,1694,9,113.81,179.82,208269.87,32.53
2015,1846,9,186.78,305.44,208516.53,30.32
2016,62,4,93.41,160.67,238565.36,11.6
2017,2143,9,194.69,318.38,208555.95,31.6
2018,68,2,87.25,150.07,148895.79,27.82
2019,432,3,166.65,103.83,198778.3,20.7
2020,349,2,243.58,418.96,149497.08,30.25
2021,302,4,94.81,57.08,238666.11,11.78
2022,690,1,251.45,156.67,120596.01,31.23
2023,1305,6,57.42,105.78,102154.35,30.2
2024,300,2,128.64,221.26,149094.84,27.65
2025,422,2,253.12,450.6,149522.63,31.44
2026,672,2,84.64,150.68,148912.52,26.99
2027,31,2,236.33,406.49,149480.5,29.35
2028,2099,10,177.07,289.56,192287.46,27.04
2029,181,2,139.24,239.49,149062.73,29.92
2030,1146,6,74.98,138.14,102228.72,25.95
2031,1447,5,120.26,221.55,238725.72,30.52
2032,1958,10,102.73,167.99,191845.67,29.36
2033,470,3,238.32,148.49,199086.98,23.81
2034,149,4,103.92,178.74,238656.9,12.91
2035,349,1,244.33,420.25,120587.58,30.35
2036,74,2,136.66,235.06,149015.57,29.37
2037,1886,9,179.85,294.11,208734.91,27.47
2038,393,3,182.88,325.56,198814.66,22.71
2039,1758,9,183.72,290.28,208497.45,29.82
2040,1683,9,98.07,154.95,208355.76,28.03
2041,219,3,173.69,298.75,198856.87,21.57
2042,316,1,89.99,154.78,119921.21,28.69
2043,734,6,51.53,91.72,102150.87,27.1
2044,44,1,248.68,149.71,120504.23,30.89
2045,489,1,270.86,482.18,120695.96,27.06
2046,830,6,82.68,147.17,102218.8,28.61
2047,1723,10,163.03,257.59,192269.67,26.46
2048,628,3,66.97,119.22,198233.57,21.35
2049,2103,9,247.35,404.49,208802.93,28.69
2050,1516,10,184.9,102.25,192300.53,28.24
2051,866,6,55.24,98.33,102141.68,29.05
2052,1052,7,81.26,144.64,189236.32,20.62
2053,1965,10,172.94,282.81,192212.66,28.07
2054,1979,10,178.5,291.9,192216.08,28.97
2055,2122,9,189.56,108.5,208658.76,28.95
2056,2164,9,185.43,303.23,208539.73,30.1
2057,495,3,71.09,126.55,198249.14,22.67
2058,1771,9,276.99,437.64,208854.85,32.13
2059,1238,6,56.35,103.81,102178.01,29.63
2060,1002,6,90.16,160.48,102301.96,31.2
2061,1633,9,252.42,139.59,208975.7,29.28
2062,933,6,124.76,222.07,102362.58,31.66
2063,1140,5,109.4,201.55,238793.11,27.76
2064,1021,7,87.24,155.29,189150.2,22.14
2065,431,1,314.56,559.98,120609.26,31.43
2066,197,1,97.01,166.86,119948.22,30.93
2067,1606,12,81.15,128.22,140679.13,12.4
2068,2127,9,179.68,293.83,208535.93,27.44
2069,2143,12,47.03,76.91,140362.55,13.44
2070,1639,10,175.2,276.82,192155.65,26.76
2071,232,2,144.36,248.3,149107.74,31.02
2072,1640,11,137.86,217.82,123718.0,22.38
2073,91,3,115.9,199.35,198344.31,24.91
2074,1386,5,51.44,94.77,238523.46,27.06
2075,1816,9,93.67,148.0,208255.91,26.77
2076,1404,7,80.37,148.07,189199.14,20.39
2077,1051,8,95.99,59.8,95214.55,12.37
2078,1713,10,233.14,368.36,192566.32,27.05
2079,1887,10,106.23,173.72,191885.02,30.36
2080,2136,11,180.4,295.01,124006.91,20.93
2081,394,3,175.5,312.43,198703.18,21.8
2082,759,6,88.76,157.99,102213.91,30.72
2083,865,7,43.21,76.91,189010.41,22.73
2084,137,1,90.4,155.49,119925.56,28.82
2085,1087,5,115.58,205.73,238738.07,29.33
2086,1904,10,163.04,266.62,192260.66,26.46
2087,1803,9,214.23,338.48,208564.79,32.72
2088,1659,9,168.25,265.84,208566.45,27.31
2089,1376,6,79.48,146.43,102270.28,27.5
2090,1667,9,103.73,163.89,208366.61,29.65
2091,1370,7,47.29,87.12,188954.77,24.87
2092,1010,6,55.8,14.9,102127.64,29.35
2093,718,1,304.86,542.71,120694.96,30.46
2094,1365,5,111.5,205.42,238714.73,28.3
2095,1167,7,41.32,76.12,189019.51,21.73
2096,668,2,123.0,218.96,149006.8,26.43
2097,1026,7,175.42,312.25,189567.77,22.6
2098,863,7,46.32,82.45,188955.62,24.36
2099,1793,9,184.39,291.34,208559.47,29.93
2100,67,2,132.52,227.93,149095.88,28.48
2101,1994,12,116.94,191.23,141000.1,13.57
2102,579,3,225.24,400.97,199098.43,22.5
2103,329,4,93.47,56.27,238599.39,11.61
2104,1310,5,58.23,107.28,238519.61,30.63
2105,1271,7,84.91,156.43,189222.34,21.55
2106,1819,10,206.89,326.89,192176.56,31.6
2107,1057,6,49.96,88.93,102180.27,26.27
2108,926,5,60.49,107.67,238540.95,31.81
2109,1541,12,113.57,179.44,140752.94,13.18
2110,1110,6,205.69,378.94,102743.78,26.5
2111,998,6,50.72,90.28,102129.01,26.67
2112,2059,10,185.77,303.79,192203.06,30.15
2113,15,2,131.18,225.63,148986.87,28.19
2114,324,1,236.85,407.38,120383.5,29.42
2115,1890,11,146.34,239.31,123578.86,22.35
2116,1968,9,198.08,323.92,208583.88,32.15
2117,883,6,54.75,97.45,102169.74,28.79
2118,2085,12,40.8,66.72,140367.03,11.66
2119,694,1,90.02,160.25,119986.42,28.7
2120,1173,6,82.12,151.29,102294.79,28.42
2121,409,3,72.81,129.62,198202.36,23.21
2122,1108,6,224.66,413.89,102907.6,28.94
2123,1888,10,179.33,293.26,192134.86,29.11
2124,641,1,145.42,258.88,120189.86,31.25
2125,329,2,122.36,210.46,149074.99,26.3
2126,868,6,242.37,431.42,102650.37,31.22
2127,593,1,150.53,267.97,120090.71,32.35
2128,1529,11,75.3,118.97,123370.92,21.52
2129,92,2,135.88,233.71,149130.17,29.2
2130,1965,10,208.06,340.24,192184.89,31.78
2131,923,6,91.78,163.37,102235.55,31.76
2132,1784,9,195.94,309.59,208676.67,31.8
2133,4,1,147.72,254.08,120142.73,31.75
2134,872,6,107.89,192.04,102364.5,27.38
2135,1266,5,92.15,169.77,238603.65,31.89
2136,1191,6,59.48,109.58,102133.27,31.28
2137,552,2,246.5,438.82,149416.35,30.62
2138,315,2,143.15,246.22,149134.02,30.77
2139,110,2,140.35,241.4,149024.95,30.16
2140,170,2,146.15,251.38,149029.79,31.41
2141,272,3,169.69,291.87,198823.03,21.08
2142,1431,5,57.65,106.21,238492.1,30.32
2143,1397,6,58.03,106.91,102118.68,30.52
2144,2143,11,145.57,238.05,123521.95,23.63
2145,610,1,88.51,157.57,119901.24,28.22
2146,1252,5,58.45,107.68,238489.7,30.74
2147,1429,5,57.91,106.69,238543.75,30.46
2148,1862,12,45.26,74.01,140289.92,12.94
2149,1057,6,49.68,88.43,102122.49,26.13
2150,436,3,68.56,122.05,198260.15,21.86
2151,666,1,100.88,179.59,119998.16,32.17
2152,1142,6,112.58,207.41,102375.19,28.57
2153,398,1,96.38,171.58,119915.95,30.73
2154,469,1,239.82,426.93,120448.12,29.79
2155,1139,5,93.86,172.92,238647.42,32.48
2156,127,3,68.3,117.48,198199.47,21.78
2157,1757,9,284.98,450.27,208831.47,33.06
2158,921,5,54.37,96.78,238521.53,28.6
2159,2138,11,156.91,256.59,123644.15,23.97
2160,1876,11,135.37,221.37,123776.33,20.68
2161,881,8,95.23,169.51,95219.1,12.27
2162,1040,7,44.41,79.05,188960.18,23.36
2163,365,3,114.18,196.39,198436.22,24.54
2164,608,1,293.37,522.26,120609.02,29.31
2165,1168,6,53.32,98.23,102122.21,28.04
2166,2011,9,243.68,398.49,208940.02,28.27
2167,651,1,93.76,166.91,120002.79,29.9
2168,739,5,127.29,226.58,238757.45,32.3
2169,1144,8,100.11,64.55,95244.72,12.9
2170,1287,6,55.3,101.88,102137.48,29.08
2171,607,2,96.13,171.13,148947.29,30.65
2172,346,3,75.88,130.51,198190.93,24.19
2173,1610,11,75.47,119.24,123343.01,21.57
2174,395,2,92.45,164.58,148933.58,29.48
2175,1183,5,62.41,114.98,238519.44,32.82
2176,884,6,108.16,192.52,102322.05,27.45
2177,248,2,127.29,32.84,149081.07,27.36
2178,1072,6,78.83,140.32,102208.7,27.28
2179,1041,6,86.7,154.33,102246.18,30.01
2180,1200,6,243.59,448.77,102898.29,31.38
2181,676,2,84.1,149.71,148871.99,26.82
2182,1554,9,110.1,173.96,208339.13,31.47
2183,989,6,123.03,218.99,102330.51,31.22
2184,613,2,147.83,263.17,149052.04,31.77
2185,289,2,221.25,133.19,149547.4,27.48
2186,1514,10,189.21,298.95,192198.22,30.71
2187,130,4,39.63,68.16,238101.85,12.64
2188,2094,11,201.73,329.89,124028.11,23.4
2189,1745,11,199.94,315.91,123928.66,23.19
2190,1406,8,39.03,71.9,94819.84,13.51
2191,2108,11,149.86,245.07,123748.04,22.89
2192,1162,6,105.44,194.25,102303.16,26.76
2193,1560,12,101.19,159.88,141003.52,11.74
2194,1222,6,115.25,212.33,102333.17,29.25
2195,313,2,90.78,156.14,148858.97,28.95
2196,1372,5,51.82,95.47,238528.99,27.26
2197,1849,9,210.24,343.81,208556.29,32.11
2198,1924,11,214.27,350.4,123795.05,24.86
2199,2104,10,179.47,293.49,192322.04,27.41
2200,108,2,226.28,389.2,149417.83,28.11
2201,128,1,153.18,263.47,120097.34,32.92
2202,700,1,91.64,163.14,119989.6,29.22
2203,843,8,99.94,177.89,95222.05,12.87
2204,2036,9,172.65,282.33,208686.89,28.02
2205,190,1,322.0,553.84,120801.87,32.17
2206,2051,9,106.76,174.58,208247.11,30.52
2207,1535,9,187.28,295.9,208699.6,30.4
2208,852,5,87.7,156.11,238655.01,30.35
2209,869,5,58.46,104.06,238495.98,30.75
2210,1186,6,88.26,162.6,102265.2,30.55
2211,1213,5,217.99,60.24,239049.79,28.08
2212,111,1,239.5,411.94,120452.7,29.75
2213,159,1,303.6,522.19,120641.04,30.33
2214,13,1,306.59,527.33,120721.46,30.63
2215,475,1,226.16,402.61,120369.91,28.09
2216,637,2,250.92,446.69,149414.53,31.17
2217,2007,9,266.68,436.1,208951.7,30.94
2218,803,7,91.79,163.39,189150.99,23.29
2219,510,2,314.29,559.5,149745.54,31.4
2220,1120,6,60.05,110.63,102152.39,31.58
2221,453,2,231.62,412.33,149517.23,28.77
2222,682,3,242.52,431.73,199018.49,24.23
2223,102,2,286.07,172.21,149795.05,28.58
2224,952,5,53.73,95.64,238537.0,28.26
2225,1371,5,116.64,214.89,238691.81,29.6
2226,786,6,57.9,103.06,102145.38,30.45
2227,97,2,125.25,215.43,149071.1,26.92
2228,393,2,313.47,558.04,149664.32,31.32
2229,1071,7,188.96,336.35,189653.7,24.34
2230,1911,10,99.36,162.48,191850.69,28.4
2231,578,3,106.97,190.43,198358.75,22.99
2232,855,6,205.73,366.2,102764.59,26.5
2233,352,1,142.05,244.33,120126.7,30.53
2234,964,7,94.87,168.87,189152.26,24.07
2235,761,5,89.43,159.19,238637.85,30.95
2236,2175,11,140.5,229.76,123633.28,22.81
2237,1201,6,122.24,225.2,102312.89,31.02
2238,943,8,38.93,69.3,94816.39,13.47
2239,1352,6,219.9,405.12,102780.43,28.33
2240,1016,8,21.72,38.66,94733.11,11.42
2241,798,6,50.53,89.94,102166.13,26.57
2242,804,7,40.23,71.61,189001.8,21.16
2243,1981,9,190.49,311.51,208533.76,30.92
2244,1714,9,199.75,315.61,208682.59,32.42
2245,1297,5,59.12,108.92,238518.27,31.09
2246,704,2,210.92,375.48,149349.47,26.2
2247,1703,11,81.89,19.41,123387.95,23.41
2248,1472,11,147.7,233.37,123635.03,23.97
2249,212,1,134.2,230.82,120198.27,28.84
2250,2167,9,215.46,352.34,208737.95,32.91
2251,541,3,67.11,119.47,198274.53,21.4
2252,939,7,46.13,82.11,188957.08,24.26
2253,1037,5,229.52,408.55,239244.47,29.57
2254,1706,10,203.08,320.87,192116.81,31.02
2255,1220,6,49.5,91.19,102167.87,26.03
2256,868,7,46.26,82.34,189008.87,24.33
2257,1089,7,157.76,280.81,189535.26,20.32
2258,645,3,166.64,296.65,198910.28,20.7
2259,904,8,21.52,38.31,94707.52,11.32
2260,1409,6,122.34,225.39,102414.34,31.05
2261,2150,10,179.42,293.41,192122.24,29.12
2262,1073,5,58.89,104.82,238521.75,30.97
2263,1019,6,50.77,90.37,102157.97,26.7
2264,1871,12,78.29,128.03,140624.19,12.71
2265,1163,5,126.87,233.73,238735.19,32.2
2266,891,8,22.85,40.67,94741.62,12.02
2267,542,2,219.41,136.71,149359.35,27.25
2268,1595,9,192.67,304.42,208561.58,31.27
2269,507,1,272.52,169.8,120727.39,27.22
2270,1136,5,78.69,144.97,238646.85,27.23
2271,865,7,92.99,165.52,189259.86,23.6
2272,648,1,101.67,180.99,119927.74,32.42
2273,1822,12,116.35,183.83,141008.2,13.5
2274,1385,7,38.49,70.91,188972.54,20.24
2275,1452,7,82.18,151.4,189188.9,20.85
2276,1649,12,82.73,130.71,140720.14,13.43
2277,870,6,227.21,141.55,102743.6,29.27
2278,2132,10,108.57,177.54,191824.62,31.03
2279,1577,9,258.51,408.45,208941.28,29.99
2280,1575,10,203.58,321.66,192274.4,31.09
2281,1786,9,187.12,295.65,208647.66,30.37
2282,1698,9,195.25,308.5,208560.06,29.82
2283,306,3,187.91,323.21,198772.57,23.34
2284,988,6,53.96,96.05,102164.73,28.38
2285,491,1,260.9,464.45,120491.48,32.41
2286,554,1,228.21,142.19,120561.41,28.35
2287,760,5,94.67,168.51,238596.33,32.76
2288,2156,12,89.23,51.07,140710.86,13.63
2289,688,3,175.22,311.93,198742.56,21.76
2290,272,1,128.9,221.71,120197.04,27.7
2291,977,5,85.78,152.69,238576.19,29.69
2292,1886,9,113.98,186.39,208295.97,32.58
2293,1959,11,138.94,227.21,123672.98,22.55
2294,1343,7,81.14,149.48,189157.11,20.59
2295,1385,6,84.65,155.95,102290.67,29.3
2296,581,2,125.2,222.88,149055.63,26.91
2297,890,6,229.92,409.26,102884.25,29.62
2298,311,2,88.19,151.69,148859.97,28.12
2299,1802,10,230.7,364.51,192441.74,26.76
2300,72,1,131.74,226.59,120059.61,28.31
2301,1429,5,57.65,106.21,238499.47,30.32
2302,1053,6,54.92,97.76,102119.95,28.88
2303,1261,7,45.38,83.6,188957.33,23.87
2304,412,3,75.61,134.6,198195.09,24.11
2305,963,5,255.02,453.94,239272.43,32.85
2306,1169,5,114.34,210.65,238759.41,29.02
2307,217,2,140.27,241.26,149041.89,30.15
2308,153,1,240.41,144.73,120460.76,29.86
2309,1391,6,106.81,196.78,102378.27,27.1
2310,2013,9,177.31,289.96,208638.7,28.78
2311,1454,5,58.51,107.79,238489.12,30.77
2312,1490,9,188.99,298.6,208684.43,30.67
2313,735,7,178.55,317.82,189687.14,23.0
2314,799,5,86.23,153.49,238600.09,29.84
2315,1082,6,58.24,103.67,102123.78,30.63
2316,1708,9,187.54,103.71,208626.12,28.64
2317,2159,10,255.78,418.28,192510.78,29.67
2318,212,1,242.76,417.55,120392.09,30.15
2319,1545,11,194.44,307.22,123794.56,22.56
2320,591,1,87.49,155.75,119918.15,27.9
2321,206,2,133.55,229.71,149109.04,28.7
2322,1270,6,50.69,93.39,102134.83,26.66
2323,1374,6,88.7,163.41,102253.33,30.7
2324,710,1,134.29,239.06,120037.34,28.86
2325,2178,11,139.4,227.96,123736.01,21.29
2326,1752,12,82.32,130.07,140569.07,13.36
2327,1132,5,106.51,196.22,238799.45,27.03
2328,719,3,73.32,130.52,198227.27,23.38
2329,1918,10,95.38,155.97,191842.87,27.26
2330,1203,6,110.52,203.61,102384.83,28.05
2331,57,3,229.86,138.38,199091.4,22.96
2332,1925,9,209.79,343.07,208613.58,32.04
2333,74,4,97.08,166.98,238541.31,12.06
2334,728,1,274.4,488.49,120715.08,27.41
2335,547,1,92.86,165.31,120008.65,29.61
2336,1154,8,24.42,44.99,94713.91,12.84
2337,997,5,53.77,95.71,238496.75,28.28
2338,1037,5,246.81,153.76,239233.23,31.79
2339,693,1,127.93,227.74,120047.07,27.49
2340,1289,5,91.9,169.31,238657.81,31.8
2341,311,4,61.85,106.38,238367.07,13.29
2342,2031,11,212.33,347.22,123857.2,24.63
2343,296,1,271.17,466.41,120797.91,27.09
2344,1007,7,89.76,159.77,189140.21,22.78
2345,968,6,58.35,103.86,102138.9,30.69
2346,1709,10,265.63,419.7,192564.74,30.81
2347,66,2,135.62,233.27,149049.91,29.15
2348,1390,5,81.91,150.9,238631.89,28.35
2349,305,1,130.84,225.04,120137.25,28.12
2350,807,5,61.91,110.2,238514.29,32.56
2351,965,7,40.59,72.25,188971.05,21.35
2352,2125,9,178.56,292.0,208546.01,28.98
2353,1840,10,99.48,162.68,191913.3,28.43
2354,1928,9,208.82,341.48,208691.46,31.89
2355,1531,11,83.7,132.25,123398.17,23.92
2356,1629,9,115.29,182.16,208267.53,32.95
2357,1499,9,110.1,173.96,208322.3,31.47
2358,860,5,53.95,96.03,238533.24,28.37
2359,267,2,229.59,394.89,149501.08,28.52
2360,1027,6,90.3,160.73,102230.62,31.25
2361,756,5,61.45,109.38,238499.29,32.32
2362,904,5,224.04,59.82,239059.7,28.86
2363,1097,6,244.41,435.05,102656.19,31.48
2364,1046,7,182.41,324.69,189561.09,23.5
2365,1666,10,173.36,273.91,192225.74,28.14
2366,1552,9,203.25,321.13,208596.87,32.99
2367,941,5,61.79,109.99,238530.6,32.5
2368,1074,6,50.83,90.48,102179.22,26.74
2369,2084,9,241.36,394.7,208963.94,28.0
2370,1573,9,177.32,280.17,208725.49,27.08
2371,1033,6,122.07,217.28,102362.6,30.98
2372,1281,5,109.88,202.43,238766.34,27.88
2373,763,5,126.96,225.99,238716.17,32.22
2374,1416,7,47.33,87.2,188985.71,24.89
2375,924,6,52.49,93.43,102123.43,27.61
2376,1859,12,99.56,162.81,140905.0,11.55
2377,493,3,108.48,193.12,198405.63,23.31
2378,252,3,72.77,125.16,198228.9,23.2
2379,173,1,150.4,258.69,120129.44,32.32
2380,179,1,289.14,497.32,120529.2,28.89
2381,839,8,25.73,45.8,94706.89,13.53
2382,233,3,105.95,182.23,198456.53,22.77
2383,1783,10,106.63,168.48,191928.84,30.48
2384,1427,5,88.07,162.25,238573.47,30.48
2385,472,4,135.56,241.32,238826.04,13.54
2386,1045,6,80.73,143.7,102293.86,27.94
2387,1915,11,77.07,126.03,123304.83,22.03
2388,860,5,113.05,201.23,238671.94,28.69
2389,1057,7,83.28,148.24,189222.66,21.13
2390,242,1,242.19,416.57,120611.48,30.08
2391,720,3,164.01,291.97,198874.52,20.37
2392,1703,10,108.14,170.86,191849.47,30.91
2393,1648,10,105.14,166.12,191928.75,30.05
2394,1303,5,115.03,211.92,238756.44,29.19
2395,1465,10,98.99,156.4,191936.93,28.3
2396,278,2,291.54,501.45,149708.78,29.12
2397,1219,6,78.48,144.58,102225.57,27.16
2398,1454,6,112.1,206.52,102362.21,28.45
2399,489,1,95.76,170.47,119983.97,30.53
2400,605,4,36.11,64.28,238150.66,11.51
